id,video_id,agn_index,video_key,frame,fighter,punch_type,hand,target,effectiveness,clear
1,АГН-37,37,agn_037,2247,blue,hook,right,head,landed,true
2,АГН-37,37,agn_037,2289,blue,cross,left,head,miss,true
3,АГН-37,37,agn_037,2329,blue,cross,left,head,landed,true
4,АГН-37,37,agn_037,2622,red,hook,right,head,landed,true
5,АГН-37,37,agn_037,2787,blue,cross,left,head,landed,true
6,АГН-37,37,agn_037,3050,red,cross,left,head,landed,true
7,АГН-37,37,agn_037,3079,blue,hook,right,head,landed,true
8,АГН-37,37,agn_037,3104,red,hook,right,head,landed,true
9,АГН-37,37,agn_037,3732,blue,hook,left,head,landed,true
10,АГН-37,37,agn_037,3816,red,cross,left,head,landed,true
11,АГН-37,37,agn_037,3895,blue,jab,right,head,blocked,true
12,АГН-37,37,agn_037,3916,blue,cross,right,head,miss,true
13,АГН-37,37,agn_037,4040,blue,hook,right,head,landed,true
14,АГН-37,37,agn_037,4088,red,jab,left,head,miss,true
15,АГН-37,37,agn_037,4142,blue,hook,right,head,landed,true
16,АГН-37,37,agn_037,4262,blue,hook,right,head,landed,true
17,АГН-37,37,agn_037,4608,blue,cross,right,head,landed,true
18,АГН-37,37,agn_037,4704,blue,cross,right,head,miss,true
19,АГН-37,37,agn_037,4810,blue,hook,left,head,landed,true
20,АГН-37,37,agn_037,4994,blue,hook,right,head,landed,true
21,АГН-37,37,agn_037,5133,blue,hook,left,head,landed,true
22,АГН-37,37,agn_037,5304,blue,hook,right,head,landed,true
23,АГН-37,37,agn_037,5484,red,cross,left,head,landed,true
24,АГН-37,37,agn_037,5567,blue,hook,left,head,landed,true
25,АГН-37,37,agn_037,5726,blue,cross,right,head,landed,true
26,АГН-37,37,agn_037,5778,blue,cross,left,head,miss,true
27,АГН-37,37,agn_037,5885,blue,cross,right,head,miss,true
28,АГН-37,37,agn_037,5929,blue,hook,right,head,landed,true
29,АГН-37,37,agn_037,5946,red,hook,right,head,landed,true
30,АГН-37,37,agn_037,6145,blue,cross,right,head,blocked,true
31,АГН-37,37,agn_037,6169,blue,cross,right,head,miss,true
32,АГН-37,37,agn_037,6239,blue,cross,left,head,landed,true
33,АГН-37,37,agn_037,6417,red,hook,right,head,landed,true
34,АГН-37,37,agn_037,6778,red,cross,left,head,miss,true
35,АГН-37,37,agn_037,6798,red,cross,left,head,landed,true
36,АГН-37,37,agn_037,6830,red,hook,left,head,landed,true
37,АГН-37,37,agn_037,6977,blue,hook,left,head,landed,true
38,АГН-37,37,agn_037,7115,blue,hook,left,head,landed,true
39,АГН-37,37,agn_037,7147,blue,hook,left,head,landed,true
40,АГН-37,37,agn_037,7174,blue,hook,left,head,landed,true
41,АГН-37,37,agn_037,7192,blue,cross,left,head,miss,true
42,АГН-37,37,agn_037,7373,blue,hook,right,head,landed,true
43,АГН-37,37,agn_037,7430,blue,hook,left,head,landed,true
44,АГН-37,37,agn_037,7445,red,hook,left,head,landed,true
45,АГН-38,38,agn_038,1657,blue,cross,left,head,landed,true
46,АГН-38,38,agn_038,2111,blue,hook,left,head,landed,true
47,АГН-38,38,agn_038,2183,blue,cross,right,head,landed,true
48,АГН-38,38,agn_038,2285,red,cross,right,head,landed,true
49,АГН-38,38,agn_038,2356,red,jab,left,head,miss,true
50,АГН-38,38,agn_038,2405,blue,jab,right,head,blocked,true
51,АГН-38,38,agn_038,2433,blue,cross,right,head,landed,true
52,АГН-38,38,agn_038,2448,blue,hook,right,head,miss,true
53,АГН-38,38,agn_038,2611,blue,cross,left,head,landed,true
54,АГН-38,38,agn_038,2684,red,hook,left,head,landed,true
55,АГН-38,38,agn_038,2786,blue,hook,right,head,landed,true
56,АГН-38,38,agn_038,3031,blue,hook,right,head,landed,true
57,АГН-38,38,agn_038,3374,blue,cross,right,head,landed,true
58,АГН-38,38,agn_038,3397,blue,cross,right,head,landed,true
59,АГН-38,38,agn_038,3410,red,hook,right,head,landed,true
60,АГН-38,38,agn_038,3438,blue,hook,right,head,landed,true
61,АГН-38,38,agn_038,3605,blue,cross,right,head,landed,true
62,АГН-38,38,agn_038,3703,blue,cross,right,head,miss,true
63,АГН-38,38,agn_038,3760,blue,hook,left,head,miss,true
64,АГН-38,38,agn_038,4357,blue,cross,right,head,landed,true
65,АГН-38,38,agn_038,4455,blue,cross,right,head,miss,true
66,АГН-38,38,agn_038,4492,blue,cross,right,head,landed,true
67,АГН-38,38,agn_038,4534,blue,hook,left,head,landed,true
68,АГН-38,38,agn_038,4684,blue,cross,left,head,miss,true
69,АГН-38,38,agn_038,4771,blue,hook,left,head,landed,true
70,АГН-38,38,agn_038,5064,blue,hook,left,head,landed,true
71,АГН-38,38,agn_038,5234,red,cross,right,head,landed,true
72,АГН-38,38,agn_038,5329,blue,hook,left,head,landed,true
73,АГН-38,38,agn_038,5416,blue,hook,right,head,landed,true
74,АГН-38,38,agn_038,5608,red,hook,left,head,miss,true
75,АГН-38,38,agn_038,5846,blue,cross,left,head,landed,true
76,АГН-38,38,agn_038,6638,red,hook,left,head,landed,true
77,АГН-38,38,agn_038,6651,red,hook,right,head,landed,true
78,АГН-39,39,agn_039,922,blue,cross,right,head,miss,true
79,АГН-39,39,agn_039,1041,blue,cross,right,head,landed,true
80,АГН-39,39,agn_039,1144,blue,hook,right,head,landed,true
81,АГН-39,39,agn_039,1201,blue,hook,right,head,landed,true
82,АГН-39,39,agn_039,1367,blue,hook,right,head,miss,true
83,АГН-39,39,agn_039,1542,red,hook,right,head,landed,true
84,АГН-39,39,agn_039,1645,blue,hook,left,head,landed,true
85,АГН-39,39,agn_039,2061,red,hook,right,head,landed,true
86,АГН-39,39,agn_039,2121,blue,hook,right,head,landed,true
87,АГН-39,39,agn_039,2332,blue,cross,right,head,landed,true
88,АГН-39,39,agn_039,2552,blue,hook,left,head,landed,true
89,АГН-39,39,agn_039,2630,blue,hook,right,head,landed,true
90,АГН-39,39,agn_039,2865,red,hook,right,head,landed,true
91,АГН-39,39,agn_039,2988,red,hook,left,head,landed,true
92,АГН-39,39,agn_039,3142,blue,hook,right,head,landed,true
93,АГН-39,39,agn_039,3520,blue,cross,left,head,miss,true
94,АГН-39,39,agn_039,3704,blue,cross,left,head,landed,true
95,АГН-39,39,agn_039,3751,blue,hook,left,head,landed,true
96,АГН-39,39,agn_039,4036,blue,cross,right,head,blocked,true
97,АГН-39,39,agn_039,4889,red,hook,right,head,landed,true
98,АГН-39,39,agn_039,4996,blue,cross,right,head,landed,true
99,АГН-39,39,agn_039,5201,blue,hook,left,head,miss,true
100,АГН-39,39,agn_039,5767,blue,hook,right,head,miss,true
101,АГН-39,39,agn_039,5781,blue,hook,left,head,landed,true
102,АГН-39,39,agn_039,5982,blue,cross,left,head,landed,true
103,АГН-47,47,agn_047,48,blue,jab,left,head,blocked,true
104,АГН-47,47,agn_047,76,blue,jab,left,head,landed,true
105,АГН-47,47,agn_047,133,red,cross,left,head,landed,true
106,АГН-47,47,agn_047,212,red,hook,right,head,landed,true
107,АГН-47,47,agn_047,238,blue,hook,right,head,landed,true
108,АГН-47,47,agn_047,398,blue,hook,right,head,landed,true
109,АГН-47,47,agn_047,447,red,jab,left,head,miss,true
110,АГН-47,47,agn_047,484,red,jab,left,head,landed,true
111,АГН-47,47,agn_047,576,red,hook,right,head,landed,true
112,АГН-47,47,agn_047,645,red,hook,left,head,landed,true
113,АГН-47,47,agn_047,779,red,jab,left,head,blocked,true
114,АГН-47,47,agn_047,816,blue,hook,left,head,landed,true
115,АГН-47,47,agn_047,874,blue,cross,right,head,miss,true
116,АГН-47,47,agn_047,906,red,hook,left,head,landed,true
117,АГН-47,47,agn_047,1027,red,hook,left,head,landed,true
118,АГН-47,47,agn_047,1155,red,hook,right,head,landed,true
119,АГН-47,47,agn_047,1213,red,hook,right,head,landed,true
120,АГН-47,47,agn_047,1251,red,hook,left,head,landed,true
121,АГН-47,47,agn_047,1357,red,hook,right,head,landed,true
122,АГН-47,47,agn_047,1424,blue,hook,left,head,landed,true
123,АГН-47,47,agn_047,1633,blue,hook,right,head,landed,true
124,АГН-47,47,agn_047,1712,blue,hook,left,head,landed,true
125,АГН-47,47,agn_047,1741,blue,hook,right,head,landed,true
126,АГН-47,47,agn_047,1791,blue,hook,right,head,landed,true
127,АГН-47,47,agn_047,1834,blue,hook,right,head,landed,true
128,АГН-47,47,agn_047,1981,blue,hook,left,head,landed,true
129,АГН-47,47,agn_047,2034,blue,hook,left,head,landed,true
130,АГН-47,47,agn_047,2084,red,hook,right,head,landed,true
131,АГН-47,47,agn_047,2215,blue,jab,left,head,landed,true
132,АГН-47,47,agn_047,2290,blue,cross,right,head,landed,true
133,АГН-47,47,agn_047,2322,blue,hook,right,head,landed,true
134,АГН-47,47,agn_047,2378,blue,hook,right,head,landed,true
135,АГН-47,47,agn_047,2414,blue,hook,right,head,landed,true
136,АГН-47,47,agn_047,2452,red,hook,left,head,landed,true
137,АГН-47,47,agn_047,2666,blue,hook,right,head,landed,true
138,АГН-47,47,agn_047,2768,blue,hook,left,head,landed,true
139,АГН-47,47,agn_047,2822,red,hook,right,head,landed,true
140,АГН-47,47,agn_047,3014,blue,hook,left,head,landed,true
141,АГН-47,47,agn_047,3080,blue,hook,right,head,landed,true
142,АГН-47,47,agn_047,3109,blue,hook,right,head,landed,true
143,АГН-47,47,agn_047,3125,blue,hook,right,head,landed,true
144,АГН-47,47,agn_047,3272,blue,hook,right,head,landed,true
145,АГН-47,47,agn_047,3382,red,hook,left,head,landed,true
146,АГН-47,47,agn_047,3465,red,hook,right,head,landed,true
147,АГН-47,47,agn_047,3549,blue,cross,left,head,miss,true
148,АГН-47,47,agn_047,3572,red,jab,left,head,landed,true
149,АГН-47,47,agn_047,3586,blue,hook,left,head,landed,true
150,АГН-47,47,agn_047,3628,red,hook,right,head,landed,true
151,АГН-47,47,agn_047,3780,red,hook,left,head,landed,true
152,АГН-47,47,agn_047,3998,blue,hook,left,head,landed,true
153,АГН-47,47,agn_047,4377,blue,hook,right,head,landed,true
154,АГН-47,47,agn_047,4425,blue,hook,right,head,landed,true
155,АГН-47,47,agn_047,4472,blue,hook,left,head,landed,true
156,АГН-47,47,agn_047,4544,blue,hook,right,head,landed,true
157,АГН-47,47,agn_047,4814,blue,jab,right,head,landed,true
158,АГН-47,47,agn_047,4965,red,hook,left,head,landed,true
159,АГН-47,47,agn_047,5122,red,hook,right,head,miss,true
160,АГН-47,47,agn_047,5218,red,hook,right,body,landed,true
161,АГН-47,47,agn_047,5250,red,hook,right,head,landed,true
162,АГН-47,47,agn_047,5273,red,hook,left,head,landed,true
163,АГН-48,48,agn_048,1742,red,jab,left,head,landed,true
164,АГН-48,48,agn_048,1772,red,hook,right,head,landed,true
165,АГН-48,48,agn_048,1793,blue,hook,left,head,landed,true
166,АГН-48,48,agn_048,1878,red,cross,right,head,landed,true
167,АГН-48,48,agn_048,1964,red,hook,right,head,landed,true
168,АГН-48,48,agn_048,1980,red,hook,left,head,landed,true
169,АГН-48,48,agn_048,2024,red,jab,left,head,landed,true
170,АГН-48,48,agn_048,2042,red,hook,right,head,landed,true
171,АГН-48,48,agn_048,2230,blue,cross,left,head,landed,true
172,АГН-48,48,agn_048,2244,blue,hook,left,head,landed,true
173,АГН-48,48,agn_048,2342,red,hook,left,head,landed,true
174,АГН-48,48,agn_048,2356,red,hook,right,head,landed,true
175,АГН-48,48,agn_048,2433,red,cross,right,head,landed,true
176,АГН-48,48,agn_048,2469,red,hook,left,head,miss,true
177,АГН-48,48,agn_048,2512,red,hook,left,head,landed,true
178,АГН-48,48,agn_048,2658,red,cross,left,head,landed,true
179,АГН-48,48,agn_048,2731,blue,hook,right,head,landed,true
180,АГН-48,48,agn_048,2788,blue,hook,right,head,landed,true
181,АГН-48,48,agn_048,2820,red,jab,left,head,landed,true
182,АГН-48,48,agn_048,3104,blue,cross,left,head,landed,true
183,АГН-48,48,agn_048,3218,red,cross,left,head,landed,true
184,АГН-48,48,agn_048,3264,red,hook,right,head,landed,true
185,АГН-48,48,agn_048,3320,blue,hook,left,head,landed,true
186,АГН-48,48,agn_048,3382,red,hook,right,head,landed,true
187,АГН-48,48,agn_048,3406,blue,hook,right,head,landed,true
188,АГН-48,48,agn_048,3436,red,hook,left,head,miss,true
189,АГН-48,48,agn_048,3557,red,hook,right,head,landed,true
190,АГН-48,48,agn_048,3580,red,hook,left,head,landed,true
191,АГН-48,48,agn_048,3629,red,hook,left,head,landed,true
192,АГН-48,48,agn_048,3704,red,jab,right,head,landed,true
193,АГН-48,48,agn_048,3814,red,hook,right,head,landed,true
194,АГН-48,48,agn_048,3887,blue,cross,left,head,landed,true
195,АГН-48,48,agn_048,3926,red,hook,left,head,landed,true
196,АГН-48,48,agn_048,3988,red,hook,right,head,landed,true
197,АГН-48,48,agn_048,4090,red,hook,right,head,landed,true
198,АГН-48,48,agn_048,4142,blue,hook,right,head,landed,true
199,АГН-48,48,agn_048,4180,red,cross,right,head,landed,true
200,АГН-48,48,agn_048,4239,red,hook,left,head,landed,true
201,АГН-48,48,agn_048,4376,blue,hook,right,head,landed,true
202,АГН-48,48,agn_048,4391,red,hook,left,head,landed,true
203,АГН-48,48,agn_048,4719,red,hook,right,head,landed,true
204,АГН-48,48,agn_048,4795,blue,hook,left,head,landed,true
205,АГН-48,48,agn_048,4830,blue,hook,right,head,landed,true
206,АГН-48,48,agn_048,4846,blue,hook,right,head,landed,true
207,АГН-48,48,agn_048,5054,red,hook,right,head,landed,true
208,АГН-48,48,agn_048,5138,blue,hook,right,head,landed,true
209,АГН-48,48,agn_048,5318,blue,uppercut,right,body,landed,true
210,АГН-48,48,agn_048,5530,red,hook,left,head,landed,true
211,АГН-48,48,agn_048,5595,blue,hook,left,head,landed,true
212,АГН-48,48,agn_048,5974,red,hook,right,head,landed,true
213,АГН-48,48,agn_048,6270,blue,hook,left,head,landed,true
214,АГН-48,48,agn_048,6322,red,hook,right,head,landed,true
215,АГН-48,48,agn_048,6646,blue,hook,right,head,landed,true
216,АГН-48,48,agn_048,6692,red,hook,right,head,landed,true
217,АГН-48,48,agn_048,6772,red,hook,left,head,landed,true
218,АГН-48,48,agn_048,6946,blue,hook,right,head,landed,true
219,АГН-49,49,agn_049,21,red,hook,left,head,landed,true
220,АГН-49,49,agn_049,80,red,hook,right,head,landed,true
221,АГН-49,49,agn_049,373,red,hook,right,head,landed,true
222,АГН-49,49,agn_049,581,red,hook,right,head,landed,true
223,АГН-49,49,agn_049,1063,blue,hook,right,head,landed,true
224,АГН-49,49,agn_049,1282,blue,cross,left,head,landed,true
225,АГН-49,49,agn_049,1602,red,hook,left,head,landed,true
226,АГН-49,49,agn_049,1644,red,hook,right,head,landed,true
227,АГН-49,49,agn_049,1683,blue,hook,left,head,landed,true
228,АГН-49,49,agn_049,1699,red,uppercut,right,head,landed,true
229,АГН-49,49,agn_049,1712,red,hook,left,head,landed,true
230,АГН-49,49,agn_049,1873,blue,hook,left,head,landed,true
231,АГН-49,49,agn_049,1907,blue,hook,left,head,landed,true
232,АГН-49,49,agn_049,2023,blue,hook,right,head,landed,true
233,АГН-49,49,agn_049,2116,red,hook,right,head,landed,true
234,АГН-49,49,agn_049,2250,blue,hook,right,head,landed,true
235,АГН-49,49,agn_049,2322,blue,cross,right,head,landed,true
236,АГН-49,49,agn_049,2362,red,hook,right,head,landed,true
237,АГН-49,49,agn_049,2376,blue,hook,right,head,landed,true
238,АГН-49,49,agn_049,2420,blue,hook,right,head,landed,true
239,АГН-49,49,agn_049,2466,blue,hook,left,head,landed,true
240,АГН-49,49,agn_049,2574,red,jab,left,head,landed,true
241,АГН-49,49,agn_049,2633,red,hook,left,head,landed,true
242,АГН-49,49,agn_049,2672,red,hook,right,head,landed,true
243,АГН-49,49,agn_049,2810,red,hook,right,head,landed,true
244,АГН-49,49,agn_049,2834,red,hook,right,head,landed,true
245,АГН-49,49,agn_049,2949,red,hook,right,head,landed,true
246,АГН-49,49,agn_049,3034,red,hook,left,head,landed,true
247,АГН-49,49,agn_049,3173,blue,hook,right,head,landed,true
248,АГН-49,49,agn_049,3239,blue,hook,left,head,landed,true
249,АГН-49,49,agn_049,3526,blue,hook,left,head,landed,true
250,АГН-49,49,agn_049,3624,blue,hook,left,head,landed,true
251,АГН-49,49,agn_049,3726,blue,hook,left,head,landed,true
252,АГН-49,49,agn_049,3770,blue,hook,right,head,landed,true
253,АГН-49,49,agn_049,4027,blue,hook,right,head,landed,true
254,АГН-49,49,agn_049,4100,red,hook,left,head,landed,true
255,АГН-49,49,agn_049,4268,blue,cross,left,head,landed,true
256,АГН-49,49,agn_049,4300,blue,hook,right,head,landed,true
257,АГН-49,49,agn_049,4417,red,uppercut,right,head,landed,true
258,АГН-49,49,agn_049,4736,blue,hook,right,head,landed,true
259,АГН-62,62,agn_062,60,blue,hook,left,head,landed,true
260,АГН-62,62,agn_062,112,red,jab,right,head,landed,true
261,АГН-62,62,agn_062,132,blue,hook,left,head,landed,true
262,АГН-62,62,agn_062,204,red,jab,left,head,landed,true
263,АГН-62,62,agn_062,235,red,cross,left,head,landed,true
264,АГН-62,62,agn_062,280,red,cross,left,head,landed,true
265,АГН-62,62,agn_062,295,red,cross,left,head,landed,true
266,АГН-62,62,agn_062,329,red,jab,left,head,landed,true
267,АГН-62,62,agn_062,517,red,jab,left,head,landed,true
268,АГН-62,62,agn_062,579,red,hook,right,head,landed,true
269,АГН-62,62,agn_062,672,blue,hook,right,head,landed,true
270,АГН-62,62,agn_062,689,blue,hook,right,head,landed,true
271,АГН-62,62,agn_062,707,blue,hook,left,head,landed,true
272,АГН-62,62,agn_062,752,blue,hook,right,head,landed,true
273,АГН-62,62,agn_062,790,red,hook,right,head,landed,true
274,АГН-62,62,agn_062,850,red,cross,right,head,landed,true
275,АГН-62,62,agn_062,978,red,hook,left,head,landed,true
276,АГН-62,62,agn_062,995,red,hook,right,head,landed,true
277,АГН-62,62,agn_062,1009,red,jab,left,head,landed,true
278,АГН-62,62,agn_062,1034,red,cross,left,head,landed,true
279,АГН-62,62,agn_062,1274,blue,cross,left,head,landed,true
280,АГН-62,62,agn_062,1361,red,hook,right,head,landed,true
281,АГН-62,62,agn_062,1402,red,hook,left,head,landed,true
282,АГН-62,62,agn_062,1433,red,hook,right,head,landed,true
283,АГН-62,62,agn_062,1453,red,hook,right,head,landed,true
284,АГН-62,62,agn_062,1474,red,hook,right,head,landed,true
285,АГН-62,62,agn_062,1487,red,hook,left,head,landed,true
286,АГН-62,62,agn_062,1514,red,hook,right,head,landed,true
287,АГН-62,62,agn_062,1541,red,hook,right,head,landed,true
288,АГН-62,62,agn_062,1689,blue,cross,left,head,landed,true
289,АГН-62,62,agn_062,1703,blue,hook,right,head,landed,true
290,АГН-62,62,agn_062,1854,blue,hook,left,head,landed,true
291,АГН-62,62,agn_062,1902,blue,jab,left,head,blocked,true
292,АГН-62,62,agn_062,2059,blue,hook,right,head,landed,true
293,АГН-62,62,agn_062,2124,blue,jab,left,head,landed,true
294,АГН-62,62,agn_062,2185,blue,hook,right,head,landed,true
295,АГН-62,62,agn_062,2252,blue,hook,left,head,landed,true
296,АГН-62,62,agn_062,2576,red,hook,left,head,landed,true
297,АГН-62,62,agn_062,2695,blue,hook,right,head,landed,true
298,АГН-62,62,agn_062,2756,blue,hook,left,head,landed,true
299,АГН-62,62,agn_062,2769,red,hook,right,head,landed,true
300,АГН-62,62,agn_062,2842,red,cross,left,head,landed,true
301,АГН-62,62,agn_062,2855,red,hook,right,head,landed,true
302,АГН-62,62,agn_062,3380,blue,hook,right,head,miss,true
303,АГН-62,62,agn_062,3445,red,jab,left,head,blocked,true
304,АГН-62,62,agn_062,3524,blue,cross,left,head,miss,true
305,АГН-62,62,agn_062,3811,red,hook,left,head,landed,true
306,АГН-62,62,agn_062,4007,red,hook,right,head,landed,true
307,АГН-62,62,agn_062,4073,red,hook,right,head,landed,true
308,АГН-62,62,agn_062,4100,red,hook,left,head,landed,true
309,АГН-62,62,agn_062,4194,blue,hook,left,head,landed,true
310,АГН-62,62,agn_062,4269,red,cross,left,head,landed,true
311,АГН-62,62,agn_062,4544,red,hook,right,head,landed,true
312,АГН-62,62,agn_062,4581,red,hook,right,head,landed,true
313,АГН-62,62,agn_062,4802,red,cross,right,head,landed,true
314,АГН-62,62,agn_062,4826,red,hook,right,head,landed,true
315,АГН-62,62,agn_062,4946,red,cross,right,head,landed,true
316,АГН-62,62,agn_062,4969,blue,hook,left,head,landed,true
317,АГН-62,62,agn_062,5032,blue,hook,right,head,miss,true
318,АГН-62,62,agn_062,5213,blue,cross,left,head,miss,true
319,АГН-62,62,agn_062,5228,blue,cross,left,head,landed,true
320,АГН-62,62,agn_062,5278,blue,hook,right,head,landed,true
321,АГН-63,63,agn_063,137,blue,jab,left,head,blocked,true
322,АГН-63,63,agn_063,161,blue,cross,left,head,landed,true
323,АГН-63,63,agn_063,180,blue,jab,left,head,landed,true
324,АГН-63,63,agn_063,209,blue,hook,left,head,landed,true
325,АГН-63,63,agn_063,289,blue,hook,left,head,landed,true
326,АГН-63,63,agn_063,305,blue,hook,right,head,landed,true
327,АГН-63,63,agn_063,334,red,hook,right,head,landed,true
328,АГН-63,63,agn_063,422,red,hook,left,head,landed,true
329,АГН-63,63,agn_063,512,red,hook,right,head,landed,true
330,АГН-63,63,agn_063,578,red,jab,left,head,landed,true
331,АГН-63,63,agn_063,658,red,hook,right,head,landed,true
332,АГН-63,63,agn_063,885,blue,cross,left,head,landed,true
333,АГН-63,63,agn_063,898,blue,hook,right,head,landed,true
334,АГН-63,63,agn_063,958,blue,hook,left,head,landed,true
335,АГН-63,63,agn_063,1000,blue,hook,left,head,landed,true
336,АГН-63,63,agn_063,1113,blue,cross,left,head,landed,true
337,АГН-63,63,agn_063,1252,blue,hook,right,head,landed,true
338,АГН-63,63,agn_063,1347,red,hook,left,head,landed,true
339,АГН-63,63,agn_063,1414,blue,hook,right,head,landed,true
340,АГН-63,63,agn_063,1468,blue,hook,left,head,landed,true
341,АГН-63,63,agn_063,1494,blue,hook,right,head,landed,true
342,АГН-63,63,agn_063,1607,blue,hook,right,head,landed,true
343,АГН-63,63,agn_063,1657,red,cross,right,head,landed,true
344,АГН-63,63,agn_063,1690,red,hook,right,head,landed,true
345,АГН-63,63,agn_063,1730,red,hook,right,head,landed,true
346,АГН-63,63,agn_063,1819,red,uppercut,left,head,landed,true
347,АГН-63,63,agn_063,1986,red,hook,right,head,landed,true
348,АГН-63,63,agn_063,2052,red,cross,left,head,landed,true
349,АГН-63,63,agn_063,2146,blue,hook,right,head,landed,true
350,АГН-63,63,agn_063,2168,blue,uppercut,right,head,landed,true
351,АГН-63,63,agn_063,2240,red,hook,right,head,landed,true
352,АГН-63,63,agn_063,2331,red,hook,right,head,landed,true
353,АГН-63,63,agn_063,2425,red,uppercut,right,head,landed,true
354,АГН-63,63,agn_063,2638,blue,hook,left,head,landed,true
355,АГН-63,63,agn_063,2760,blue,hook,left,head,landed,true
356,АГН-63,63,agn_063,2814,blue,hook,right,head,landed,true
357,АГН-63,63,agn_063,3004,blue,hook,right,head,landed,true
358,АГН-63,63,agn_063,3233,blue,cross,left,head,landed,true
359,АГН-63,63,agn_063,3432,red,hook,right,head,landed,true
360,АГН-63,63,agn_063,3830,red,hook,left,head,landed,true
361,АГН-63,63,agn_063,3891,blue,hook,left,head,landed,true
362,АГН-63,63,agn_063,3923,blue,hook,right,head,landed,true
363,АГН-63,63,agn_063,4001,red,hook,right,head,landed,true
364,АГН-63,63,agn_063,4042,blue,hook,right,head,landed,true
365,АГН-63,63,agn_063,4090,blue,cross,left,head,landed,true
366,АГН-63,63,agn_063,5174,blue,cross,left,head,miss,true
367,АГН-63,63,agn_063,5248,red,hook,right,head,landed,true
368,АГН-63,63,agn_063,5338,red,hook,left,head,landed,true
369,АГН-63,63,agn_063,5525,red,cross,right,head,landed,true
370,АГН-64,64,agn_064,262,blue,jab,right,head,blocked,true
371,АГН-64,64,agn_064,342,red,cross,left,head,landed,true
372,АГН-64,64,agn_064,386,red,hook,right,head,landed,true
373,АГН-64,64,agn_064,410,blue,hook,right,head,landed,true
374,АГН-64,64,agn_064,536,red,hook,left,body,landed,true
375,АГН-64,64,agn_064,676,red,hook,left,head,landed,true
376,АГН-64,64,agn_064,815,red,hook,right,head,landed,true
377,АГН-64,64,agn_064,880,red,hook,left,head,landed,true
378,АГН-64,64,agn_064,987,blue,hook,left,head,landed,true
379,АГН-64,64,agn_064,1177,red,cross,left,head,landed,true
380,АГН-64,64,agn_064,1199,red,jab,left,head,landed,true
381,АГН-64,64,agn_064,1454,red,hook,right,head,landed,true
382,АГН-64,64,agn_064,1591,blue,cross,left,head,landed,true
383,АГН-64,64,agn_064,1794,blue,hook,right,head,landed,true
384,АГН-64,64,agn_064,2278,blue,cross,left,head,landed,true
385,АГН-64,64,agn_064,2406,red,hook,left,body,landed,true
386,АГН-64,64,agn_064,2561,red,hook,left,head,landed,true
387,АГН-64,64,agn_064,2995,red,hook,right,head,landed,true
388,АГН-64,64,agn_064,3233,red,hook,right,head,landed,true
389,АГН-64,64,agn_064,3249,red,hook,left,head,landed,true
390,АГН-64,64,agn_064,3266,red,hook,right,head,landed,true
391,АГН-64,64,agn_064,3483,red,hook,right,head,landed,true
392,АГН-64,64,agn_064,3626,blue,hook,right,head,landed,true
393,АГН-64,64,agn_064,3702,red,hook,right,head,landed,true
394,АГН-64,64,agn_064,3896,blue,hook,right,head,landed,true
395,АГН-64,64,agn_064,3969,blue,hook,right,head,landed,true
396,АГН-64,64,agn_064,3983,blue,hook,right,head,landed,true
397,АГН-64,64,agn_064,4007,red,hook,right,head,landed,true
398,АГН-64,64,agn_064,4472,red,hook,right,head,landed,true
399,АГН-64,64,agn_064,4550,blue,hook,right,head,landed,true
400,АГН-64,64,agn_064,4842,red,cross,left,head,miss,true
401,АГН-64,64,agn_064,4906,red,hook,right,head,landed,true
402,АГН-64,64,agn_064,4934,red,hook,right,head,landed,true
403,АГН-64,64,agn_064,5191,blue,uppercut,right,head,landed,true
404,АГН-64,64,agn_064,5340,red,hook,left,head,landed,true
405,АГН-64,64,agn_064,5442,red,cross,left,head,landed,true
406,АГН-47,47,agn_047,3641,red,cross,left,body,miss,false
407,АГН-47,47,agn_047,3651,red,uppercut,left,body,miss,false
408,АГН-47,47,agn_047,3737,red,hook,right,head,miss,false
409,АГН-47,47,agn_047,3769,blue,jab,left,body,miss,false
410,АГН-47,47,agn_047,3779,blue,jab,right,head,blocked,false
411,АГН-47,47,agn_047,3806,blue,cross,left,head,blocked,false
412,АГН-47,47,agn_047,3828,blue,hook,right,body,blocked,false
413,АГН-47,47,agn_047,3856,blue,uppercut,right,head,blocked,false
414,АГН-47,47,agn_047,3914,blue,jab,left,head,blocked,false
415,АГН-47,47,agn_047,3980,blue,hook,right,body,blocked,false
416,АГН-47,47,agn_047,4025,blue,uppercut,right,body,blocked,false
417,АГН-47,47,agn_047,4028,red,jab,left,body,miss,false
418,АГН-47,47,agn_047,4240,red,jab,left,head,blocked,false
419,АГН-47,47,agn_047,4250,blue,cross,left,body,miss,false
420,АГН-47,47,agn_047,4285,blue,cross,left,body,miss,false
421,АГН-47,47,agn_047,4379,blue,cross,left,head,miss,false
422,АГН-47,47,agn_047,4386,blue,cross,right,head,landed,false
423,АГН-47,47,agn_047,4427,red,cross,right,body,landed,false
424,АГН-47,47,agn_047,4473,red,hook,left,body,blocked,false
425,АГН-47,47,agn_047,4605,blue,jab,right,head,miss,false
426,АГН-47,47,agn_047,4671,red,uppercut,left,head,miss,false
427,АГН-47,47,agn_047,4685,blue,jab,left,head,miss,false
428,АГН-47,47,agn_047,4692,blue,cross,right,body,miss,false
429,АГН-47,47,agn_047,4742,red,jab,left,head,blocked,false
430,АГН-47,47,agn_047,4812,red,uppercut,right,head,landed,false
431,АГН-47,47,agn_047,4815,red,jab,left,head,miss,false
432,АГН-47,47,agn_047,4856,red,cross,right,body,blocked,false
433,АГН-47,47,agn_047,4897,blue,uppercut,right,head,miss,false
434,АГН-47,47,agn_047,4905,blue,jab,left,body,landed,false
435,АГН-47,47,agn_047,4981,blue,hook,left,body,miss,false
436,АГН-47,47,agn_047,5060,blue,uppercut,right,head,miss,false
437,АГН-47,47,agn_047,5065,blue,uppercut,left,head,miss,false
438,АГН-47,47,agn_047,5086,blue,cross,left,head,landed,false
439,АГН-47,47,agn_047,5117,red,uppercut,right,head,landed,false
440,АГН-47,47,agn_047,5128,red,jab,right,body,landed,false
441,АГН-47,47,agn_047,5168,blue,cross,right,head,miss,false
442,АГН-47,47,agn_047,5203,blue,uppercut,right,head,miss,false
443,АГН-47,47,agn_047,5227,red,cross,left,head,blocked,false
444,АГН-47,47,agn_047,5234,blue,jab,left,head,miss,false
445,АГН-47,47,agn_047,5259,red,cross,right,body,landed,false
446,АГН-47,47,agn_047,5295,red,uppercut,left,head,miss,false
447,АГН-47,47,agn_047,5324,blue,jab,left,head,blocked,false
448,АГН-47,47,agn_047,5356,blue,cross,left,body,landed,false
449,АГН-47,47,agn_047,5361,blue,uppercut,left,head,blocked,false
450,АГН-47,47,agn_047,5428,red,cross,left,head,miss,false
451,АГН-47,47,agn_047,5450,red,jab,left,head,blocked,false
452,АГН-47,47,agn_047,5458,blue,jab,right,head,miss,false
453,АГН-47,47,agn_047,5461,red,cross,right,body,miss,false
454,АГН-47,47,agn_047,5501,blue,jab,right,body,miss,false
455,АГН-47,47,agn_047,5529,red,uppercut,left,head,blocked,false
456,АГН-47,47,agn_047,5549,red,uppercut,left,body,landed,false
457,АГН-47,47,agn_047,5564,red,cross,left,body,landed,false
458,АГН-47,47,agn_047,5599,blue,cross,left,body,landed,false
459,АГН-48,48,agn_048,149,blue,jab,left,body,blocked,false
460,АГН-48,48,agn_048,424,red,jab,right,head,miss,false
461,АГН-48,48,agn_048,866,blue,cross,right,body,landed,false
462,АГН-48,48,agn_048,922,red,hook,right,head,landed,false
463,АГН-48,48,agn_048,963,blue,cross,left,head,miss,false
464,АГН-48,48,agn_048,1256,red,jab,left,head,landed,false
465,АГН-48,48,agn_048,1565,blue,hook,right,head,landed,false
466,АГН-48,48,agn_048,1629,blue,jab,left,body,miss,false
467,АГН-48,48,agn_048,1946,red,uppercut,right,body,miss,false
468,АГН-48,48,agn_048,2043,blue,hook,left,body,miss,false
469,АГН-48,48,agn_048,2110,red,cross,left,body,landed,false
470,АГН-48,48,agn_048,2397,red,hook,left,head,blocked,false
471,АГН-48,48,agn_048,2793,blue,jab,right,head,miss,false
472,АГН-48,48,agn_048,2933,blue,uppercut,right,head,landed,false
473,АГН-48,48,agn_048,2960,red,jab,right,body,landed,false
474,АГН-48,48,agn_048,2967,blue,uppercut,right,body,miss,false
475,АГН-48,48,agn_048,3081,red,hook,left,head,miss,false
476,АГН-48,48,agn_048,4001,red,uppercut,left,head,landed,false
477,АГН-48,48,agn_048,4068,blue,jab,right,body,landed,false
478,АГН-48,48,agn_048,4244,red,cross,left,head,blocked,false
479,АГН-48,48,agn_048,4270,blue,cross,right,body,landed,false
480,АГН-48,48,agn_048,4752,blue,uppercut,right,body,landed,false
481,АГН-48,48,agn_048,5000,red,hook,right,body,landed,false
482,АГН-48,48,agn_048,5127,blue,cross,left,head,landed,false
483,АГН-48,48,agn_048,5210,blue,cross,right,body,blocked,false
484,АГН-48,48,agn_048,5298,red,hook,right,head,miss,false
485,АГН-48,48,agn_048,5528,blue,uppercut,right,body,blocked,false
486,АГН-48,48,agn_048,5799,blue,hook,right,body,miss,false
487,АГН-48,48,agn_048,5882,blue,cross,right,head,miss,false
488,АГН-48,48,agn_048,6013,red,hook,left,body,blocked,false
489,АГН-48,48,agn_048,6018,red,jab,left,head,landed,false
490,АГН-48,48,agn_048,6097,red,uppercut,left,body,blocked,false
491,АГН-48,48,agn_048,6150,red,uppercut,right,body,miss,false
492,АГН-48,48,agn_048,6203,red,jab,left,body,miss,false
493,АГН-48,48,agn_048,6449,red,hook,left,body,miss,false
494,АГН-48,48,agn_048,6451,blue,jab,left,head,miss,false
495,АГН-48,48,agn_048,6643,red,cross,left,body,miss,false
496,АГН-48,48,agn_048,6664,red,hook,left,body,blocked,false
497,АГН-48,48,agn_048,6968,red,cross,left,body,miss,false
498,АГН-48,48,agn_048,7239,blue,hook,left,head,landed,false
499,АГН-48,48,agn_048,8074,red,uppercut,left,body,blocked,false
500,АГН-48,48,agn_048,8351,red,jab,right,body,miss,false
501,АГН-48,48,agn_048,8444,blue,uppercut,left,body,landed,false
502,АГН-48,48,agn_048,8648,blue,hook,left,body,landed,false
503,АГН-49,49,agn_049,125,red,cross,left,body,landed,false
504,АГН-49,49,agn_049,297,blue,uppercut,left,body,landed,false
505,АГН-49,49,agn_049,344,blue,jab,right,body,miss,false
506,АГН-49,49,agn_049,455,blue,cross,right,body,miss,false
507,АГН-49,49,agn_049,508,red,uppercut,right,head,blocked,false
508,АГН-49,49,agn_049,596,red,cross,right,head,blocked,false
509,АГН-49,49,agn_049,639,red,jab,left,head,landed,false
510,АГН-49,49,agn_049,710,blue,jab,left,head,blocked,false
511,АГН-49,49,agn_049,823,red,jab,left,body,miss,false
512,АГН-49,49,agn_049,1099,blue,hook,left,head,blocked,false
513,АГН-49,49,agn_049,1122,blue,uppercut,right,head,miss,false
514,АГН-49,49,agn_049,1124,red,cross,left,head,miss,false
515,АГН-49,49,agn_049,1210,red,jab,left,head,landed,false
516,АГН-49,49,agn_049,1270,blue,cross,left,head,miss,false
517,АГН-49,49,agn_049,1474,red,uppercut,right,body,blocked,false
518,АГН-49,49,agn_049,2032,red,hook,right,head,blocked,false
519,АГН-49,49,agn_049,2088,red,hook,left,body,blocked,false
520,АГН-49,49,agn_049,2175,red,jab,right,head,miss,false
521,АГН-49,49,agn_049,2357,red,uppercut,right,body,landed,false
522,АГН-49,49,agn_049,2416,red,cross,right,body,miss,false
523,АГН-49,49,agn_049,2418,red,cross,right,head,blocked,false
524,АГН-49,49,agn_049,2444,red,hook,right,body,miss,false
525,АГН-49,49,agn_049,2526,blue,hook,right,body,landed,false
526,АГН-49,49,agn_049,2569,blue,cross,right,head,blocked,false
527,АГН-49,49,agn_049,2686,blue,cross,right,body,miss,false
528,АГН-49,49,agn_049,2700,blue,jab,right,body,miss,false
529,АГН-49,49,agn_049,3077,red,cross,right,head,landed,false
530,АГН-49,49,agn_049,3249,red,hook,right,body,blocked,false
531,АГН-49,49,agn_049,3387,blue,hook,left,head,miss,false
532,АГН-49,49,agn_049,3657,red,cross,left,body,blocked,false
533,АГН-49,49,agn_049,3793,red,uppercut,right,head,blocked,false
534,АГН-49,49,agn_049,3911,red,hook,right,body,miss,false
535,АГН-49,49,agn_049,3917,red,uppercut,right,body,miss,false
536,АГН-49,49,agn_049,4090,blue,hook,right,body,blocked,false
537,АГН-49,49,agn_049,4155,blue,hook,right,head,blocked,false
538,АГН-49,49,agn_049,4262,blue,jab,left,body,landed,false
539,АГН-49,49,agn_049,4304,blue,hook,left,body,miss,false
540,АГН-49,49,agn_049,4332,red,cross,left,head,blocked,false
541,АГН-49,49,agn_049,4387,red,jab,right,body,miss,false
542,АГН-49,49,agn_049,4421,red,jab,left,body,landed,false
543,АГН-49,49,agn_049,4433,red,jab,right,head,blocked,false
544,АГН-49,49,agn_049,4475,blue,hook,right,head,landed,false
545,АГН-49,49,agn_049,4553,blue,jab,right,body,miss,false
546,АГН-49,49,agn_049,4571,blue,cross,right,body,miss,false
547,АГН-49,49,agn_049,4577,blue,hook,left,body,blocked,false
548,АГН-49,49,agn_049,4608,red,cross,left,body,miss,false
549,АГН-49,49,agn_049,4730,blue,cross,right,head,miss,false
550,АГН-49,49,agn_049,5037,red,cross,left,head,landed,false
551,АГН-49,49,agn_049,5226,red,jab,left,body,blocked,false
552,АГН-49,49,agn_049,5517,blue,uppercut,left,head,blocked,false
553,АГН-49,49,agn_049,5519,red,uppercut,right,head,miss,false
554,АГН-49,49,agn_049,5654,blue,hook,right,body,miss,false
555,АГН-49,49,agn_049,5654,red,hook,right,head,landed,false
556,АГН-49,49,agn_049,5704,blue,uppercut,left,body,blocked,false
557,АГН-49,49,agn_049,5989,blue,hook,left,head,miss,false
558,АГН-49,49,agn_049,6027,red,cross,left,body,miss,false
559,АГН-49,49,agn_049,6109,red,jab,left,body,blocked,false
560,АГН-49,49,agn_049,6122,blue,cross,left,body,miss,false
561,АГН-49,49,agn_049,6180,blue,cross,left,body,miss,false
562,АГН-49,49,agn_049,6204,red,cross,left,body,miss,false
563,АГН-49,49,agn_049,6239,blue,cross,right,body,blocked,false
564,АГН-49,49,agn_049,6297,red,cross,left,head,blocked,false
565,АГН-62,62,agn_062,5,blue,cross,left,body,landed,false
566,АГН-62,62,agn_062,5,blue,cross,left,body,miss,false
567,АГН-62,62,agn_062,39,blue,cross,left,body,blocked,false
568,АГН-62,62,agn_062,43,blue,uppercut,right,body,miss,false
569,АГН-62,62,agn_062,47,blue,jab,left,head,miss,false
570,АГН-62,62,agn_062,52,red,cross,left,body,blocked,false
571,АГН-62,62,agn_062,97,red,hook,right,head,miss,false
572,АГН-62,62,agn_062,100,blue,uppercut,right,head,miss,false
573,АГН-62,62,agn_062,101,red,hook,left,body,miss,false
574,АГН-62,62,agn_062,107,red,uppercut,left,body,miss,false
575,АГН-62,62,agn_062,117,red,jab,right,head,blocked,false
576,АГН-62,62,agn_062,128,red,cross,right,head,blocked,false
577,АГН-62,62,agn_062,130,blue,hook,left,body,miss,false
578,АГН-62,62,agn_062,146,red,cross,left,body,blocked,false
579,АГН-62,62,agn_062,150,blue,hook,right,body,landed,false
580,АГН-62,62,agn_062,207,red,uppercut,right,head,miss,false
581,АГН-62,62,agn_062,213,blue,cross,left,body,landed,false
582,АГН-62,62,agn_062,214,blue,cross,left,head,miss,false
583,АГН-62,62,agn_062,226,red,hook,right,body,miss,false
584,АГН-62,62,agn_062,233,red,hook,right,head,miss,false
585,АГН-62,62,agn_062,237,blue,jab,left,body,landed,false
586,АГН-62,62,agn_062,239,red,cross,right,body,blocked,false
587,АГН-62,62,agn_062,255,red,uppercut,right,body,miss,false
588,АГН-62,62,agn_062,270,blue,jab,right,head,blocked,false
589,АГН-62,62,agn_062,274,red,uppercut,right,head,miss,false
590,АГН-62,62,agn_062,278,red,jab,left,head,miss,false
591,АГН-62,62,agn_062,289,blue,hook,left,body,miss,false
592,АГН-62,62,agn_062,309,blue,hook,left,body,blocked,false
593,АГН-62,62,agn_062,309,red,hook,left,body,miss,false
594,АГН-62,62,agn_062,310,red,jab,left,head,blocked,false
595,АГН-62,62,agn_062,323,blue,hook,right,body,miss,false
596,АГН-62,62,agn_062,325,red,hook,right,body,blocked,false
597,АГН-62,62,agn_062,326,blue,jab,right,body,miss,false
598,АГН-62,62,agn_062,327,red,hook,left,body,blocked,false
599,АГН-62,62,agn_062,349,blue,jab,right,head,miss,false
600,АГН-62,62,agn_062,350,red,hook,right,body,blocked,false
601,АГН-62,62,agn_062,354,red,jab,left,head,landed,false
602,АГН-62,62,agn_062,359,red,hook,left,head,landed,false
603,АГН-62,62,agn_062,360,red,cross,left,body,blocked,false
604,АГН-62,62,agn_062,369,red,uppercut,right,head,blocked,false
605,АГН-62,62,agn_062,403,blue,hook,right,head,blocked,false
606,АГН-62,62,agn_062,406,blue,uppercut,left,head,blocked,false
607,АГН-62,62,agn_062,407,blue,uppercut,right,head,landed,false
608,АГН-62,62,agn_062,424,blue,hook,left,body,miss,false
609,АГН-62,62,agn_062,426,blue,cross,right,body,miss,false
610,АГН-62,62,agn_062,426,red,jab,left,body,blocked,false
611,АГН-62,62,agn_062,459,red,cross,left,body,blocked,false
612,АГН-62,62,agn_062,465,blue,hook,left,head,miss,false
613,АГН-62,62,agn_062,490,red,hook,left,head,landed,false
614,АГН-62,62,agn_062,492,blue,hook,left,body,landed,false
615,АГН-62,62,agn_062,511,blue,jab,left,body,landed,false
616,АГН-62,62,agn_062,516,red,uppercut,right,body,blocked,false
617,АГН-62,62,agn_062,541,blue,jab,left,body,miss,false
618,АГН-62,62,agn_062,545,blue,hook,right,head,landed,false
619,АГН-62,62,agn_062,553,blue,cross,left,body,blocked,false
620,АГН-62,62,agn_062,564,red,uppercut,right,body,miss,false
621,АГН-62,62,agn_062,576,blue,uppercut,left,body,landed,false
622,АГН-62,62,agn_062,597,blue,cross,left,head,miss,false
623,АГН-62,62,agn_062,603,red,hook,left,body,blocked,false
624,АГН-62,62,agn_062,607,blue,cross,right,head,miss,false
625,АГН-62,62,agn_062,647,red,cross,right,body,miss,false
626,АГН-62,62,agn_062,648,blue,hook,left,head,miss,false
627,АГН-62,62,agn_062,659,blue,hook,left,head,miss,false
628,АГН-62,62,agn_062,672,blue,cross,right,head,miss,false
629,АГН-62,62,agn_062,676,blue,jab,right,body,landed,false
630,АГН-62,62,agn_062,721,blue,uppercut,right,head,blocked,false
631,АГН-62,62,agn_062,722,red,hook,left,body,landed,false
632,АГН-62,62,agn_062,739,red,cross,left,head,miss,false
633,АГН-62,62,agn_062,739,red,hook,left,head,blocked,false
634,АГН-62,62,agn_062,764,blue,hook,left,body,miss,false
635,АГН-62,62,agn_062,778,red,jab,left,head,blocked,false
636,АГН-62,62,agn_062,796,blue,hook,right,body,landed,false
637,АГН-62,62,agn_062,803,red,uppercut,left,body,landed,false
638,АГН-62,62,agn_062,819,blue,jab,left,body,blocked,false
639,АГН-62,62,agn_062,821,red,uppercut,right,head,landed,false
640,АГН-62,62,agn_062,829,red,uppercut,left,head,miss,false
641,АГН-62,62,agn_062,840,blue,uppercut,left,head,landed,false
642,АГН-62,62,agn_062,841,blue,hook,left,head,landed,false
643,АГН-62,62,agn_062,843,red,jab,right,head,landed,false
644,АГН-62,62,agn_062,882,blue,jab,left,body,blocked,false
645,АГН-62,62,agn_062,895,red,hook,left,head,miss,false
646,АГН-62,62,agn_062,904,red,jab,left,head,landed,false
647,АГН-62,62,agn_062,908,red,hook,right,body,miss,false
648,АГН-62,62,agn_062,920,red,cross,left,body,landed,false
649,АГН-62,62,agn_062,921,blue,cross,left,head,landed,false
650,АГН-62,62,agn_062,924,blue,uppercut,right,head,blocked,false
651,АГН-62,62,agn_062,925,blue,uppercut,left,head,blocked,false
652,АГН-62,62,agn_062,932,red,cross,left,body,miss,false
653,АГН-62,62,agn_062,933,blue,uppercut,right,body,miss,false
654,АГН-62,62,agn_062,934,red,cross,left,body,blocked,false
655,АГН-62,62,agn_062,939,blue,uppercut,left,head,landed,false
656,АГН-62,62,agn_062,947,blue,hook,right,body,miss,false
657,АГН-62,62,agn_062,950,blue,jab,right,head,landed,false
658,АГН-62,62,agn_062,950,red,hook,right,body,blocked,false
659,АГН-62,62,agn_062,961,red,cross,right,body,landed,false
660,АГН-62,62,agn_062,970,red,cross,left,body,blocked,false
661,АГН-62,62,agn_062,985,blue,cross,left,head,landed,false
662,АГН-62,62,agn_062,993,blue,cross,left,body,blocked,false
663,АГН-62,62,agn_062,994,red,jab,left,head,landed,false
664,АГН-62,62,agn_062,1009,red,jab,right,head,blocked,false
665,АГН-62,62,agn_062,1017,blue,uppercut,left,body,miss,false
666,АГН-62,62,agn_062,1038,red,hook,right,head,miss,false
667,АГН-62,62,agn_062,1047,red,cross,left,head,landed,false
668,АГН-62,62,agn_062,1048,blue,cross,right,head,landed,false
669,АГН-62,62,agn_062,1050,blue,hook,left,body,blocked,false
670,АГН-62,62,agn_062,1062,blue,uppercut,right,head,miss,false
671,АГН-62,62,agn_062,1066,red,uppercut,left,head,landed,false
672,АГН-62,62,agn_062,1075,red,jab,left,body,blocked,false
673,АГН-62,62,agn_062,1083,red,cross,right,head,miss,false
674,АГН-62,62,agn_062,1092,red,uppercut,left,head,blocked,false
675,АГН-62,62,agn_062,1100,blue,uppercut,right,body,blocked,false
676,АГН-62,62,agn_062,1100,red,jab,left,head,miss,false
677,АГН-62,62,agn_062,1111,red,cross,left,head,landed,false
678,АГН-62,62,agn_062,1123,blue,cross,left,head,miss,false
679,АГН-62,62,agn_062,1124,blue,cross,left,head,blocked,false
680,АГН-62,62,agn_062,1125,red,hook,right,body,landed,false
681,АГН-62,62,agn_062,1138,blue,hook,left,body,landed,false
682,АГН-62,62,agn_062,1143,red,cross,left,body,blocked,false
683,АГН-62,62,agn_062,1161,blue,jab,right,head,landed,false
684,АГН-62,62,agn_062,1177,blue,hook,right,head,miss,false
685,АГН-62,62,agn_062,1181,red,cross,left,body,blocked,false
686,АГН-62,62,agn_062,1189,blue,jab,right,body,blocked,false
687,АГН-62,62,agn_062,1214,red,hook,left,head,landed,false
688,АГН-62,62,agn_062,1221,red,jab,left,body,miss,false
689,АГН-62,62,agn_062,1229,red,jab,right,head,blocked,false
690,АГН-62,62,agn_062,1238,red,jab,right,body,miss,false
691,АГН-62,62,agn_062,1251,blue,jab,left,body,blocked,false
692,АГН-62,62,agn_062,1275,blue,jab,left,head,blocked,false
693,АГН-62,62,agn_062,1278,red,hook,right,head,landed,false
694,АГН-62,62,agn_062,1289,red,hook,right,body,miss,false
695,АГН-62,62,agn_062,1320,red,jab,left,body,miss,false
696,АГН-62,62,agn_062,1334,red,cross,left,head,blocked,false
697,АГН-62,62,agn_062,1367,blue,cross,right,head,landed,false
698,АГН-62,62,agn_062,1371,blue,jab,right,head,landed,false
699,АГН-62,62,agn_062,1393,red,jab,right,body,miss,false
700,АГН-62,62,agn_062,1403,red,hook,right,body,landed,false
701,АГН-62,62,agn_062,1446,blue,uppercut,left,body,blocked,false
702,АГН-62,62,agn_062,1458,blue,hook,left,body,miss,false
703,АГН-62,62,agn_062,1458,red,uppercut,left,head,landed,false
704,АГН-62,62,agn_062,1464,blue,jab,left,head,blocked,false
705,АГН-62,62,agn_062,1465,blue,cross,right,head,blocked,false
706,АГН-62,62,agn_062,1469,red,jab,right,head,blocked,false
707,АГН-62,62,agn_062,1470,red,uppercut,left,head,blocked,false
708,АГН-62,62,agn_062,1472,red,uppercut,right,body,blocked,false
709,АГН-62,62,agn_062,1481,blue,uppercut,right,head,miss,false
710,АГН-62,62,agn_062,1484,blue,hook,left,head,blocked,false
711,АГН-62,62,agn_062,1494,red,hook,left,body,miss,false
712,АГН-62,62,agn_062,1507,blue,uppercut,right,head,landed,false
713,АГН-62,62,agn_062,1514,blue,uppercut,right,head,blocked,false
714,АГН-62,62,agn_062,1516,red,hook,left,body,miss,false
715,АГН-62,62,agn_062,1526,blue,uppercut,left,head,blocked,false
716,АГН-62,62,agn_062,1539,blue,cross,right,body,miss,false
717,АГН-62,62,agn_062,1541,blue,hook,right,head,blocked,false
718,АГН-62,62,agn_062,1554,red,hook,right,body,blocked,false
719,АГН-62,62,agn_062,1556,blue,hook,right,body,landed,false
720,АГН-62,62,agn_062,1572,red,jab,right,head,blocked,false
721,АГН-62,62,agn_062,1598,blue,uppercut,right,body,blocked,false
722,АГН-62,62,agn_062,1617,blue,hook,right,head,miss,false
723,АГН-62,62,agn_062,1637,blue,cross,right,body,landed,false
724,АГН-62,62,agn_062,1639,blue,hook,left,head,landed,false
725,АГН-62,62,agn_062,1640,blue,jab,left,body,miss,false
726,АГН-62,62,agn_062,1643,blue,hook,left,body,blocked,false
727,АГН-62,62,agn_062,1643,blue,cross,right,head,landed,false
728,АГН-62,62,agn_062,1655,red,uppercut,left,head,landed,false
729,АГН-62,62,agn_062,1663,blue,cross,right,head,miss,false
730,АГН-62,62,agn_062,1668,blue,cross,left,body,miss,false
731,АГН-62,62,agn_062,1683,red,uppercut,right,head,landed,false
732,АГН-62,62,agn_062,1695,red,hook,left,body,landed,false
733,АГН-62,62,agn_062,1712,red,cross,right,body,miss,false
734,АГН-62,62,agn_062,1726,red,uppercut,left,head,miss,false
735,АГН-62,62,agn_062,1732,red,cross,left,body,miss,false
736,АГН-62,62,agn_062,1753,blue,hook,left,body,miss,false
737,АГН-62,62,agn_062,1767,red,jab,right,body,miss,false
738,АГН-62,62,agn_062,1784,blue,cross,right,body,blocked,false
739,АГН-62,62,agn_062,1785,red,hook,right,head,miss,false
740,АГН-62,62,agn_062,1789,red,uppercut,right,head,landed,false
741,АГН-62,62,agn_062,1790,blue,cross,left,body,miss,false
742,АГН-62,62,agn_062,1792,blue,cross,left,body,blocked,false
743,АГН-62,62,agn_062,1808,blue,cross,left,head,miss,false
744,АГН-62,62,agn_062,1818,red,uppercut,right,body,blocked,false
745,АГН-62,62,agn_062,1819,blue,hook,right,head,landed,false
746,АГН-62,62,agn_062,1821,red,cross,left,body,landed,false
747,АГН-62,62,agn_062,1828,red,uppercut,right,body,landed,false
748,АГН-62,62,agn_062,1829,blue,uppercut,right,body,blocked,false
749,АГН-62,62,agn_062,1839,red,jab,left,body,blocked,false
750,АГН-62,62,agn_062,1847,red,hook,right,head,landed,false
751,АГН-62,62,agn_062,1850,blue,hook,right,head,landed,false
752,АГН-62,62,agn_062,1853,red,uppercut,left,body,blocked,false
753,АГН-62,62,agn_062,1879,blue,uppercut,right,head,blocked,false
754,АГН-62,62,agn_062,1882,blue,uppercut,left,head,landed,false
755,АГН-62,62,agn_062,1883,red,jab,right,body,landed,false
756,АГН-62,62,agn_062,1908,blue,jab,right,head,miss,false
757,АГН-62,62,agn_062,1923,red,hook,left,head,landed,false
758,АГН-62,62,agn_062,1929,blue,cross,right,body,landed,false
759,АГН-62,62,agn_062,1937,blue,hook,left,body,miss,false
760,АГН-62,62,agn_062,1939,blue,hook,right,body,miss,false
761,АГН-62,62,agn_062,1948,red,uppercut,right,body,blocked,false
762,АГН-62,62,agn_062,1949,blue,hook,left,head,miss,false
763,АГН-62,62,agn_062,1969,red,hook,right,body,blocked,false
764,АГН-62,62,agn_062,1973,blue,hook,left,head,miss,false
765,АГН-62,62,agn_062,1982,blue,cross,right,body,landed,false
766,АГН-62,62,agn_062,2024,red,cross,right,head,miss,false
767,АГН-62,62,agn_062,2028,red,hook,left,head,blocked,false
768,АГН-62,62,agn_062,2053,red,uppercut,right,body,miss,false
769,АГН-62,62,agn_062,2055,red,uppercut,left,head,landed,false
770,АГН-62,62,agn_062,2061,red,uppercut,left,body,landed,false
771,АГН-62,62,agn_062,2072,blue,hook,right,head,miss,false
772,АГН-62,62,agn_062,2083,red,uppercut,right,head,blocked,false
773,АГН-62,62,agn_062,2085,blue,cross,left,body,miss,false
774,АГН-62,62,agn_062,2100,red,uppercut,left,head,landed,false
775,АГН-62,62,agn_062,2111,red,jab,left,head,miss,false
776,АГН-62,62,agn_062,2115,red,uppercut,left,body,landed,false
777,АГН-62,62,agn_062,2116,blue,cross,left,body,landed,false
778,АГН-62,62,agn_062,2128,blue,hook,right,body,landed,false
779,АГН-62,62,agn_062,2135,red,hook,right,head,landed,false
780,АГН-62,62,agn_062,2156,blue,uppercut,right,head,blocked,false
781,АГН-62,62,agn_062,2156,red,jab,left,head,miss,false
782,АГН-62,62,agn_062,2183,red,cross,right,body,landed,false
783,АГН-62,62,agn_062,2194,blue,jab,left,body,blocked,false
784,АГН-62,62,agn_062,2199,blue,jab,right,body,miss,false
785,АГН-62,62,agn_062,2202,blue,hook,right,head,landed,false
786,АГН-62,62,agn_062,2220,red,jab,right,head,landed,false
787,АГН-62,62,agn_062,2229,blue,cross,right,head,landed,false
788,АГН-62,62,agn_062,2241,red,jab,left,head,miss,false
789,АГН-62,62,agn_062,2251,red,hook,left,body,miss,false
790,АГН-62,62,agn_062,2254,blue,jab,left,head,miss,false
791,АГН-62,62,agn_062,2264,red,cross,left,head,miss,false
792,АГН-62,62,agn_062,2268,red,cross,right,head,miss,false
793,АГН-62,62,agn_062,2281,blue,uppercut,right,body,miss,false
794,АГН-62,62,agn_062,2292,blue,cross,left,head,miss,false
795,АГН-62,62,agn_062,2326,red,hook,left,body,miss,false
796,АГН-62,62,agn_062,2335,red,uppercut,right,body,miss,false
797,АГН-62,62,agn_062,2354,blue,jab,right,body,landed,false
798,АГН-62,62,agn_062,2365,red,jab,left,head,landed,false
799,АГН-62,62,agn_062,2371,blue,jab,right,body,blocked,false
800,АГН-62,62,agn_062,2374,blue,jab,right,body,blocked,false
801,АГН-62,62,agn_062,2382,blue,hook,right,head,blocked,false
802,АГН-62,62,agn_062,2401,blue,cross,right,body,blocked,false
803,АГН-62,62,agn_062,2404,blue,uppercut,right,body,miss,false
804,АГН-62,62,agn_062,2409,blue,cross,left,body,miss,false
805,АГН-62,62,agn_062,2409,blue,cross,left,head,landed,false
806,АГН-62,62,agn_062,2419,red,jab,right,head,miss,false
807,АГН-62,62,agn_062,2421,blue,uppercut,right,body,miss,false
808,АГН-62,62,agn_062,2429,blue,hook,left,head,miss,false
809,АГН-62,62,agn_062,2438,red,uppercut,right,body,landed,false
810,АГН-62,62,agn_062,2445,red,uppercut,left,body,blocked,false
811,АГН-62,62,agn_062,2466,blue,jab,right,head,blocked,false
812,АГН-62,62,agn_062,2468,blue,cross,right,body,blocked,false
813,АГН-62,62,agn_062,2472,red,hook,left,head,blocked,false
814,АГН-62,62,agn_062,2475,blue,jab,left,body,miss,false
815,АГН-62,62,agn_062,2494,blue,uppercut,left,body,blocked,false
816,АГН-62,62,agn_062,2495,red,uppercut,right,body,blocked,false
817,АГН-62,62,agn_062,2501,red,cross,right,head,miss,false
818,АГН-62,62,agn_062,2521,blue,hook,left,head,miss,false
819,АГН-62,62,agn_062,2523,blue,jab,left,body,miss,false
820,АГН-62,62,agn_062,2534,red,cross,right,body,miss,false
821,АГН-62,62,agn_062,2540,blue,cross,left,head,landed,false
822,АГН-62,62,agn_062,2547,blue,uppercut,left,head,landed,false
823,АГН-62,62,agn_062,2567,red,jab,right,body,landed,false
824,АГН-62,62,agn_062,2571,blue,uppercut,right,body,landed,false
825,АГН-62,62,agn_062,2572,blue,jab,right,head,blocked,false
826,АГН-62,62,agn_062,2585,red,jab,left,body,miss,false
827,АГН-62,62,agn_062,2590,blue,hook,right,head,miss,false
828,АГН-62,62,agn_062,2592,blue,uppercut,right,head,blocked,false
829,АГН-62,62,agn_062,2594,blue,jab,left,head,blocked,false
830,АГН-62,62,agn_062,2595,blue,hook,right,body,blocked,false
831,АГН-62,62,agn_062,2605,blue,hook,left,head,landed,false
832,АГН-62,62,agn_062,2612,red,hook,left,head,landed,false
833,АГН-62,62,agn_062,2624,red,jab,left,head,miss,false
834,АГН-62,62,agn_062,2647,red,jab,right,head,blocked,false
835,АГН-62,62,agn_062,2665,blue,hook,left,body,landed,false
836,АГН-62,62,agn_062,2677,red,cross,left,body,blocked,false
837,АГН-62,62,agn_062,2681,red,jab,right,body,landed,false
838,АГН-62,62,agn_062,2689,blue,cross,right,body,blocked,false
839,АГН-62,62,agn_062,2696,blue,cross,left,head,landed,false
840,АГН-62,62,agn_062,2708,red,jab,left,head,landed,false
841,АГН-62,62,agn_062,2711,blue,uppercut,left,body,miss,false
842,АГН-62,62,agn_062,2712,blue,hook,left,body,miss,false
843,АГН-62,62,agn_062,2712,red,jab,left,body,landed,false
844,АГН-62,62,agn_062,2730,blue,jab,left,body,landed,false
845,АГН-62,62,agn_062,2731,blue,uppercut,left,head,blocked,false
846,АГН-62,62,agn_062,2742,blue,cross,right,body,miss,false
847,АГН-62,62,agn_062,2744,blue,hook,left,body,miss,false
848,АГН-62,62,agn_062,2748,red,jab,right,head,blocked,false
849,АГН-62,62,agn_062,2765,red,jab,right,head,blocked,false
850,АГН-62,62,agn_062,2766,red,uppercut,right,head,landed,false
851,АГН-62,62,agn_062,2778,blue,cross,left,body,miss,false
852,АГН-62,62,agn_062,2796,blue,jab,left,head,blocked,false
853,АГН-62,62,agn_062,2825,red,uppercut,left,body,blocked,false
854,АГН-62,62,agn_062,2850,blue,uppercut,left,head,miss,false
855,АГН-62,62,agn_062,2864,red,jab,left,body,blocked,false
856,АГН-62,62,agn_062,2871,blue,jab,left,head,blocked,false
857,АГН-62,62,agn_062,2911,blue,jab,left,head,miss,false
858,АГН-62,62,agn_062,2914,blue,jab,right,body,landed,false
859,АГН-62,62,agn_062,2942,red,cross,right,head,landed,false
860,АГН-62,62,agn_062,2943,red,uppercut,left,body,miss,false
861,АГН-62,62,agn_062,2948,blue,jab,left,head,landed,false
862,АГН-62,62,agn_062,2956,blue,hook,left,body,miss,false
863,АГН-62,62,agn_062,2958,blue,cross,right,body,blocked,false
864,АГН-62,62,agn_062,2976,blue,cross,right,head,miss,false
865,АГН-62,62,agn_062,2996,blue,cross,right,head,blocked,false
866,АГН-62,62,agn_062,3011,red,uppercut,right,head,landed,false
867,АГН-62,62,agn_062,3012,red,hook,left,head,landed,false
868,АГН-62,62,agn_062,3028,blue,hook,left,body,blocked,false
869,АГН-62,62,agn_062,3044,blue,hook,left,body,landed,false
870,АГН-62,62,agn_062,3049,red,hook,left,head,landed,false
871,АГН-62,62,agn_062,3057,red,uppercut,right,head,landed,false
872,АГН-62,62,agn_062,3057,red,hook,left,head,landed,false
873,АГН-62,62,agn_062,3065,red,cross,left,body,miss,false
874,АГН-62,62,agn_062,3072,red,hook,right,body,landed,false
875,АГН-62,62,agn_062,3073,red,uppercut,left,head,blocked,false
876,АГН-62,62,agn_062,3085,blue,hook,left,body,blocked,false
877,АГН-62,62,agn_062,3090,red,uppercut,right,body,landed,false
878,АГН-62,62,agn_062,3115,red,hook,right,head,landed,false
879,АГН-62,62,agn_062,3124,red,uppercut,right,body,landed,false
880,АГН-62,62,agn_062,3125,blue,uppercut,right,head,landed,false
881,АГН-62,62,agn_062,3129,red,uppercut,left,head,blocked,false
882,АГН-62,62,agn_062,3135,blue,cross,right,head,landed,false
883,АГН-62,62,agn_062,3138,red,jab,left,body,blocked,false
884,АГН-62,62,agn_062,3147,red,hook,right,head,miss,false
885,АГН-62,62,agn_062,3161,red,cross,right,head,miss,false
886,АГН-62,62,agn_062,3182,blue,hook,left,head,blocked,false
887,АГН-62,62,agn_062,3185,red,cross,left,body,miss,false
888,АГН-62,62,agn_062,3194,blue,cross,left,body,blocked,false
889,АГН-62,62,agn_062,3229,blue,jab,right,head,landed,false
890,АГН-62,62,agn_062,3247,blue,jab,left,head,blocked,false
891,АГН-62,62,agn_062,3250,blue,jab,left,head,miss,false
892,АГН-62,62,agn_062,3252,red,jab,right,head,miss,false
893,АГН-62,62,agn_062,3283,blue,uppercut,right,body,miss,false
894,АГН-62,62,agn_062,3290,red,uppercut,right,head,blocked,false
895,АГН-62,62,agn_062,3303,red,jab,right,body,miss,false
896,АГН-62,62,agn_062,3312,blue,cross,left,body,landed,false
897,АГН-62,62,agn_062,3321,red,jab,left,head,miss,false
898,АГН-62,62,agn_062,3326,blue,cross,left,body,miss,false
899,АГН-62,62,agn_062,3326,blue,uppercut,left,head,blocked,false
900,АГН-62,62,agn_062,3338,red,hook,left,body,landed,false
901,АГН-62,62,agn_062,3372,blue,cross,left,head,landed,false
902,АГН-62,62,agn_062,3375,blue,cross,left,head,landed,false
903,АГН-62,62,agn_062,3375,red,cross,left,head,miss,false
904,АГН-62,62,agn_062,3395,red,uppercut,left,head,landed,false
905,АГН-62,62,agn_062,3407,blue,jab,right,head,landed,false
906,АГН-62,62,agn_062,3409,blue,hook,left,body,landed,false
907,АГН-62,62,agn_062,3426,red,uppercut,right,head,blocked,false
908,АГН-62,62,agn_062,3426,red,hook,left,body,miss,false
909,АГН-62,62,agn_062,3426,red,uppercut,left,head,blocked,false
910,АГН-62,62,agn_062,3432,red,hook,left,head,blocked,false
911,АГН-62,62,agn_062,3433,blue,hook,right,body,blocked,false
912,АГН-62,62,agn_062,3436,blue,jab,right,body,miss,false
913,АГН-62,62,agn_062,3457,red,cross,left,body,landed,false
914,АГН-62,62,agn_062,3469,blue,jab,left,body,landed,false
915,АГН-62,62,agn_062,3469,blue,hook,left,body,blocked,false
916,АГН-62,62,agn_062,3471,blue,hook,right,body,landed,false
917,АГН-62,62,agn_062,3490,blue,hook,right,body,miss,false
918,АГН-62,62,agn_062,3493,blue,cross,right,body,blocked,false
919,АГН-62,62,agn_062,3498,red,hook,left,body,miss,false
920,АГН-62,62,agn_062,3502,red,hook,right,head,landed,false
921,АГН-62,62,agn_062,3507,blue,hook,right,body,landed,false
922,АГН-62,62,agn_062,3537,red,uppercut,left,body,landed,false
923,АГН-62,62,agn_062,3546,blue,cross,right,body,blocked,false
924,АГН-62,62,agn_062,3547,blue,jab,right,head,miss,false
925,АГН-62,62,agn_062,3556,blue,jab,left,body,blocked,false
926,АГН-62,62,agn_062,3560,blue,uppercut,right,body,landed,false
927,АГН-62,62,agn_062,3561,blue,jab,left,body,landed,false
928,АГН-62,62,agn_062,3575,red,uppercut,left,body,blocked,false
929,АГН-62,62,agn_062,3585,blue,jab,right,body,landed,false
930,АГН-62,62,agn_062,3591,blue,jab,right,body,landed,false
931,АГН-62,62,agn_062,3596,red,cross,right,head,landed,false
932,АГН-62,62,agn_062,3608,red,cross,left,body,landed,false
933,АГН-62,62,agn_062,3611,blue,hook,left,head,miss,false
934,АГН-62,62,agn_062,3629,blue,cross,left,head,landed,false
935,АГН-62,62,agn_062,3655,red,cross,left,body,blocked,false
936,АГН-62,62,agn_062,3658,red,hook,left,head,miss,false
937,АГН-62,62,agn_062,3676,blue,jab,left,head,blocked,false
938,АГН-62,62,agn_062,3679,blue,uppercut,left,head,blocked,false
939,АГН-62,62,agn_062,3699,blue,jab,left,body,miss,false
940,АГН-62,62,agn_062,3706,blue,cross,left,head,miss,false
941,АГН-62,62,agn_062,3706,blue,jab,right,body,blocked,false
942,АГН-62,62,agn_062,3719,red,uppercut,left,head,miss,false
943,АГН-62,62,agn_062,3725,blue,jab,right,head,blocked,false
944,АГН-62,62,agn_062,3726,blue,cross,right,head,blocked,false
945,АГН-62,62,agn_062,3734,red,cross,right,head,landed,false
946,АГН-62,62,agn_062,3741,blue,hook,right,head,landed,false
947,АГН-62,62,agn_062,3749,blue,jab,left,head,blocked,false
948,АГН-62,62,agn_062,3751,blue,cross,right,head,blocked,false
949,АГН-62,62,agn_062,3752,blue,cross,left,body,miss,false
950,АГН-62,62,agn_062,3763,blue,jab,left,body,landed,false
951,АГН-62,62,agn_062,3769,blue,uppercut,right,body,miss,false
952,АГН-62,62,agn_062,3770,blue,uppercut,right,head,blocked,false
953,АГН-62,62,agn_062,3776,red,cross,right,body,blocked,false
954,АГН-62,62,agn_062,3776,red,hook,left,head,blocked,false
955,АГН-62,62,agn_062,3777,red,cross,right,head,blocked,false
956,АГН-62,62,agn_062,3795,blue,jab,left,head,miss,false
957,АГН-62,62,agn_062,3798,red,hook,left,head,landed,false
958,АГН-62,62,agn_062,3799,red,uppercut,left,head,blocked,false
959,АГН-62,62,agn_062,3799,red,cross,right,body,miss,false
960,АГН-62,62,agn_062,3812,red,hook,right,head,miss,false
961,АГН-62,62,agn_062,3827,blue,uppercut,left,head,miss,false
962,АГН-62,62,agn_062,3841,red,hook,right,head,miss,false
963,АГН-62,62,agn_062,3842,red,hook,left,head,blocked,false
964,АГН-62,62,agn_062,3843,red,uppercut,right,body,landed,false
965,АГН-62,62,agn_062,3858,blue,jab,right,head,landed,false
966,АГН-62,62,agn_062,3861,blue,hook,left,body,blocked,false
967,АГН-62,62,agn_062,3873,blue,hook,right,head,miss,false
968,АГН-62,62,agn_062,3882,blue,cross,right,body,miss,false
969,АГН-62,62,agn_062,3890,red,hook,left,body,blocked,false
970,АГН-62,62,agn_062,3898,red,jab,right,body,blocked,false
971,АГН-62,62,agn_062,3901,blue,jab,right,head,miss,false
972,АГН-62,62,agn_062,3924,blue,cross,right,body,blocked,false
973,АГН-62,62,agn_062,3924,red,cross,right,head,landed,false
974,АГН-62,62,agn_062,3929,blue,hook,right,body,blocked,false
975,АГН-62,62,agn_062,3947,blue,uppercut,left,head,landed,false
976,АГН-62,62,agn_062,3962,blue,uppercut,right,body,miss,false
977,АГН-62,62,agn_062,3966,blue,hook,left,head,blocked,false
978,АГН-62,62,agn_062,3969,blue,cross,right,head,landed,false
979,АГН-62,62,agn_062,3972,red,jab,right,head,landed,false
980,АГН-62,62,agn_062,3985,red,uppercut,left,head,landed,false
981,АГН-62,62,agn_062,3989,red,cross,left,body,landed,false
982,АГН-62,62,agn_062,3996,blue,cross,left,head,landed,false
983,АГН-62,62,agn_062,4003,red,jab,left,head,blocked,false
984,АГН-62,62,agn_062,4004,blue,cross,right,body,blocked,false
985,АГН-62,62,agn_062,4005,red,uppercut,left,head,miss,false
986,АГН-62,62,agn_062,4008,blue,cross,left,head,landed,false
987,АГН-62,62,agn_062,4009,red,hook,right,body,blocked,false
988,АГН-62,62,agn_062,4033,blue,uppercut,left,body,blocked,false
989,АГН-62,62,agn_062,4043,red,hook,right,body,blocked,false
990,АГН-62,62,agn_062,4061,blue,hook,left,head,blocked,false
991,АГН-62,62,agn_062,4064,blue,hook,left,body,miss,false
992,АГН-62,62,agn_062,4075,red,cross,left,head,miss,false
993,АГН-62,62,agn_062,4086,blue,uppercut,left,head,blocked,false
994,АГН-62,62,agn_062,4086,red,jab,right,body,miss,false
995,АГН-62,62,agn_062,4093,blue,jab,left,body,landed,false
996,АГН-62,62,agn_062,4095,red,hook,left,head,blocked,false
997,АГН-62,62,agn_062,4099,red,uppercut,right,body,landed,false
998,АГН-62,62,agn_062,4110,blue,cross,left,body,miss,false
999,АГН-62,62,agn_062,4111,red,uppercut,left,head,landed,false
1000,АГН-62,62,agn_062,4116,blue,uppercut,left,body,landed,false
1001,АГН-62,62,agn_062,4125,blue,hook,left,head,blocked,false
1002,АГН-62,62,agn_062,4129,blue,uppercut,left,body,blocked,false
1003,АГН-62,62,agn_062,4134,blue,cross,right,body,blocked,false
1004,АГН-62,62,agn_062,4141,blue,uppercut,left,head,blocked,false
1005,АГН-62,62,agn_062,4147,red,hook,right,body,blocked,false
1006,АГН-62,62,agn_062,4155,blue,cross,left,body,landed,false
1007,АГН-62,62,agn_062,4164,red,uppercut,right,body,landed,false
1008,АГН-62,62,agn_062,4190,red,hook,left,head,blocked,false
1009,АГН-62,62,agn_062,4204,red,jab,right,head,miss,false
1010,АГН-62,62,agn_062,4209,red,cross,left,head,miss,false
1011,АГН-62,62,agn_062,4213,blue,uppercut,left,body,miss,false
1012,АГН-62,62,agn_062,4218,red,jab,left,body,miss,false
1013,АГН-62,62,agn_062,4222,blue,uppercut,right,body,miss,false
1014,АГН-62,62,agn_062,4230,blue,hook,right,body,blocked,false
1015,АГН-62,62,agn_062,4230,red,uppercut,right,body,blocked,false
1016,АГН-62,62,agn_062,4231,red,hook,left,body,landed,false
1017,АГН-62,62,agn_062,4232,blue,hook,right,body,landed,false
1018,АГН-62,62,agn_062,4235,blue,uppercut,left,body,miss,false
1019,АГН-62,62,agn_062,4265,red,uppercut,left,head,blocked,false
1020,АГН-62,62,agn_062,4268,blue,hook,right,head,blocked,false
1021,АГН-62,62,agn_062,4275,blue,uppercut,left,head,miss,false
1022,АГН-62,62,agn_062,4282,blue,cross,left,head,blocked,false
1023,АГН-62,62,agn_062,4282,red,jab,right,head,landed,false
1024,АГН-62,62,agn_062,4287,red,cross,right,head,miss,false
1025,АГН-62,62,agn_062,4292,red,jab,left,head,blocked,false
1026,АГН-62,62,agn_062,4292,red,jab,right,head,landed,false
1027,АГН-62,62,agn_062,4337,blue,cross,left,head,landed,false
1028,АГН-62,62,agn_062,4343,red,jab,right,body,miss,false
1029,АГН-62,62,agn_062,4360,blue,uppercut,left,body,landed,false
1030,АГН-62,62,agn_062,4371,blue,jab,left,body,blocked,false
1031,АГН-62,62,agn_062,4382,red,cross,left,body,blocked,false
1032,АГН-62,62,agn_062,4406,blue,uppercut,right,body,landed,false
1033,АГН-62,62,agn_062,4410,blue,jab,right,head,blocked,false
1034,АГН-62,62,agn_062,4424,red,jab,right,body,landed,false
1035,АГН-62,62,agn_062,4473,blue,jab,right,head,landed,false
1036,АГН-62,62,agn_062,4481,red,hook,right,head,blocked,false
1037,АГН-62,62,agn_062,4486,blue,jab,left,head,blocked,false
1038,АГН-62,62,agn_062,4488,red,uppercut,right,head,blocked,false
1039,АГН-62,62,agn_062,4500,blue,hook,left,body,miss,false
1040,АГН-62,62,agn_062,4503,red,jab,right,body,miss,false
1041,АГН-62,62,agn_062,4522,blue,hook,right,head,miss,false
1042,АГН-62,62,agn_062,4522,blue,uppercut,right,head,landed,false
1043,АГН-62,62,agn_062,4535,red,uppercut,right,body,miss,false
1044,АГН-62,62,agn_062,4545,red,uppercut,right,head,landed,false
1045,АГН-62,62,agn_062,4560,blue,cross,right,body,landed,false
1046,АГН-62,62,agn_062,4568,blue,jab,left,body,blocked,false
1047,АГН-62,62,agn_062,4575,red,jab,right,head,blocked,false
1048,АГН-62,62,agn_062,4576,red,hook,right,head,miss,false
1049,АГН-62,62,agn_062,4580,blue,hook,right,body,miss,false
1050,АГН-62,62,agn_062,4592,blue,uppercut,left,head,miss,false
1051,АГН-62,62,agn_062,4593,red,cross,right,head,miss,false
1052,АГН-62,62,agn_062,4612,red,uppercut,right,head,blocked,false
1053,АГН-62,62,agn_062,4613,red,uppercut,right,body,blocked,false
1054,АГН-62,62,agn_062,4619,red,uppercut,right,body,miss,false
1055,АГН-62,62,agn_062,4635,red,jab,left,head,miss,false
1056,АГН-62,62,agn_062,4653,blue,hook,left,body,miss,false
1057,АГН-62,62,agn_062,4669,red,uppercut,left,body,miss,false
1058,АГН-62,62,agn_062,4680,red,cross,left,body,landed,false
1059,АГН-62,62,agn_062,4686,blue,jab,left,body,blocked,false
1060,АГН-62,62,agn_062,4692,red,hook,left,body,blocked,false
1061,АГН-62,62,agn_062,4701,blue,uppercut,right,body,blocked,false
1062,АГН-62,62,agn_062,4710,red,hook,right,body,blocked,false
1063,АГН-62,62,agn_062,4717,red,hook,right,body,blocked,false
1064,АГН-62,62,agn_062,4720,red,uppercut,left,head,miss,false
1065,АГН-62,62,agn_062,4729,red,cross,right,body,landed,false
1066,АГН-62,62,agn_062,4759,red,cross,right,head,blocked,false
1067,АГН-62,62,agn_062,4760,blue,cross,right,head,landed,false
1068,АГН-62,62,agn_062,4760,blue,uppercut,right,body,miss,false
1069,АГН-62,62,agn_062,4776,red,hook,left,body,miss,false
1070,АГН-62,62,agn_062,4780,red,cross,right,head,landed,false
1071,АГН-62,62,agn_062,4784,blue,jab,right,body,miss,false
1072,АГН-62,62,agn_062,4800,red,hook,right,body,landed,false
1073,АГН-62,62,agn_062,4808,red,hook,right,body,miss,false
1074,АГН-62,62,agn_062,4829,blue,hook,right,body,landed,false
1075,АГН-62,62,agn_062,4847,red,jab,right,head,landed,false
1076,АГН-62,62,agn_062,4863,red,uppercut,left,head,miss,false
1077,АГН-62,62,agn_062,4876,blue,jab,right,head,landed,false
1078,АГН-62,62,agn_062,4889,red,hook,right,body,miss,false
1079,АГН-62,62,agn_062,4890,blue,uppercut,left,body,blocked,false
1080,АГН-62,62,agn_062,4891,red,cross,left,body,miss,false
1081,АГН-62,62,agn_062,4898,blue,uppercut,right,head,blocked,false
1082,АГН-62,62,agn_062,4924,red,cross,right,body,miss,false
1083,АГН-62,62,agn_062,4925,red,cross,right,head,landed,false
1084,АГН-62,62,agn_062,4941,red,hook,right,head,miss,false
1085,АГН-62,62,agn_062,4951,red,jab,right,head,blocked,false
1086,АГН-62,62,agn_062,4952,red,uppercut,left,body,blocked,false
1087,АГН-62,62,agn_062,4959,blue,uppercut,left,head,miss,false
1088,АГН-62,62,agn_062,4975,blue,cross,left,head,blocked,false
1089,АГН-62,62,agn_062,4980,blue,hook,right,head,miss,false
1090,АГН-62,62,agn_062,4981,red,cross,right,head,landed,false
1091,АГН-62,62,agn_062,4988,red,hook,left,body,miss,false
1092,АГН-62,62,agn_062,4999,red,uppercut,right,head,miss,false
1093,АГН-62,62,agn_062,5013,red,hook,right,body,landed,false
1094,АГН-62,62,agn_062,5022,red,hook,left,body,blocked,false
1095,АГН-62,62,agn_062,5028,red,jab,right,body,miss,false
1096,АГН-62,62,agn_062,5039,red,jab,right,head,miss,false
1097,АГН-62,62,agn_062,5047,red,uppercut,left,body,miss,false
1098,АГН-62,62,agn_062,5053,blue,hook,right,head,landed,false
1099,АГН-62,62,agn_062,5064,blue,jab,right,body,miss,false
1100,АГН-62,62,agn_062,5077,blue,hook,right,body,landed,false
1101,АГН-62,62,agn_062,5123,red,cross,right,body,landed,false
1102,АГН-62,62,agn_062,5129,blue,jab,left,head,blocked,false
1103,АГН-62,62,agn_062,5138,blue,hook,right,body,miss,false
1104,АГН-62,62,agn_062,5169,blue,hook,right,body,miss,false
1105,АГН-62,62,agn_062,5177,blue,hook,left,body,landed,false
1106,АГН-62,62,agn_062,5189,blue,uppercut,right,body,blocked,false
1107,АГН-62,62,agn_062,5190,red,uppercut,right,body,blocked,false
1108,АГН-62,62,agn_062,5192,blue,jab,right,head,blocked,false
1109,АГН-62,62,agn_062,5193,red,uppercut,right,body,miss,false
1110,АГН-62,62,agn_062,5194,blue,jab,right,head,blocked,false
1111,АГН-62,62,agn_062,5209,red,jab,left,body,miss,false
1112,АГН-62,62,agn_062,5220,blue,jab,left,body,miss,false
1113,АГН-62,62,agn_062,5232,blue,hook,right,body,blocked,false
1114,АГН-62,62,agn_062,5233,red,hook,left,head,blocked,false
1115,АГН-62,62,agn_062,5254,red,jab,left,body,miss,false
1116,АГН-62,62,agn_062,5291,blue,cross,left,body,landed,false
1117,АГН-62,62,agn_062,5296,red,cross,left,body,miss,false
1118,АГН-62,62,agn_062,5305,red,uppercut,left,body,blocked,false
1119,АГН-62,62,agn_062,5308,red,cross,left,head,miss,false
1120,АГН-62,62,agn_062,5316,blue,cross,left,body,blocked,false
1121,АГН-62,62,agn_062,5319,blue,cross,right,head,blocked,false
1122,АГН-62,62,agn_062,5355,red,jab,right,body,blocked,false
1123,АГН-62,62,agn_062,5375,blue,hook,left,head,landed,false
1124,АГН-62,62,agn_062,5375,red,hook,left,head,landed,false
1125,АГН-62,62,agn_062,5389,blue,hook,left,body,landed,false
1126,АГН-62,62,agn_062,5389,blue,cross,left,head,miss,false
1127,АГН-62,62,agn_062,5399,blue,hook,left,body,miss,false
1128,АГН-62,62,agn_062,5415,red,uppercut,right,head,blocked,false
1129,АГН-62,62,agn_062,5422,red,jab,left,head,blocked,false
1130,АГН-62,62,agn_062,5452,blue,hook,left,body,blocked,false
1131,АГН-62,62,agn_062,5501,red,jab,left,body,landed,false
1132,АГН-62,62,agn_062,5502,red,uppercut,left,head,landed,false
1133,АГН-62,62,agn_062,5505,blue,cross,right,body,landed,false
1134,АГН-62,62,agn_062,5508,blue,uppercut,left,head,blocked,false
1135,АГН-62,62,agn_062,5511,red,jab,left,body,landed,false
1136,АГН-62,62,agn_062,5514,blue,uppercut,left,body,miss,false
1137,АГН-62,62,agn_062,5518,blue,jab,left,body,blocked,false
1138,АГН-62,62,agn_062,5545,red,hook,left,body,miss,false
1139,АГН-62,62,agn_062,5554,red,cross,left,head,miss,false
1140,АГН-62,62,agn_062,5563,blue,cross,left,body,miss,false
1141,АГН-62,62,agn_062,5575,blue,cross,right,body,landed,false
1142,АГН-62,62,agn_062,5604,red,hook,left,head,miss,false
1143,АГН-62,62,agn_062,5615,blue,hook,right,head,landed,false
1144,АГН-62,62,agn_062,5615,blue,hook,left,body,blocked,false
1145,АГН-62,62,agn_062,5624,blue,cross,left,body,miss,false
1146,АГН-62,62,agn_062,5634,blue,uppercut,left,body,blocked,false
1147,АГН-62,62,agn_062,5652,red,uppercut,right,head,miss,false
1148,АГН-62,62,agn_062,5656,red,cross,right,body,miss,false
1149,АГН-62,62,agn_062,5657,blue,cross,left,body,blocked,false
1150,АГН-62,62,agn_062,5659,red,hook,right,body,landed,false
1151,АГН-62,62,agn_062,5666,red,jab,left,head,miss,false
1152,АГН-62,62,agn_062,5667,red,cross,left,body,miss,false
1153,АГН-62,62,agn_062,5670,red,hook,left,head,blocked,false
1154,АГН-62,62,agn_062,5671,red,cross,left,body,miss,false
1155,АГН-62,62,agn_062,5683,red,hook,right,body,landed,false
1156,АГН-62,62,agn_062,5693,red,cross,left,body,landed,false
1157,АГН-62,62,agn_062,5694,red,uppercut,left,body,landed,false
1158,АГН-62,62,agn_062,5704,blue,cross,right,head,miss,false
1159,АГН-62,62,agn_062,5710,red,uppercut,left,head,miss,false
1160,АГН-62,62,agn_062,5741,blue,uppercut,left,head,miss,false
1161,АГН-62,62,agn_062,5745,red,cross,right,head,blocked,false
1162,АГН-62,62,agn_062,5746,red,cross,left,body,landed,false
1163,АГН-62,62,agn_062,5755,blue,jab,left,head,miss,false
1164,АГН-62,62,agn_062,5764,red,jab,left,body,landed,false
1165,АГН-62,62,agn_062,5766,red,jab,right,body,miss,false
1166,АГН-62,62,agn_062,5799,red,jab,left,body,blocked,false
1167,АГН-62,62,agn_062,5800,red,jab,left,body,miss,false
1168,АГН-62,62,agn_062,5803,blue,hook,left,head,miss,false
1169,АГН-62,62,agn_062,5804,blue,cross,left,head,landed,false
1170,АГН-62,62,agn_062,5815,red,hook,right,head,blocked,false
1171,АГН-62,62,agn_062,5825,red,uppercut,right,head,miss,false
1172,АГН-62,62,agn_062,5858,blue,jab,left,head,landed,false
1173,АГН-62,62,agn_062,5863,blue,uppercut,left,body,miss,false
1174,АГН-62,62,agn_062,5863,red,hook,left,head,miss,false
1175,АГН-62,62,agn_062,5879,red,hook,right,head,miss,false
1176,АГН-62,62,agn_062,5927,blue,uppercut,left,body,miss,false
1177,АГН-62,62,agn_062,5935,blue,uppercut,right,head,landed,false
1178,АГН-62,62,agn_062,5947,red,cross,right,head,miss,false
1179,АГН-62,62,agn_062,5948,blue,hook,right,head,miss,false
1180,АГН-62,62,agn_062,5956,red,cross,left,head,landed,false
1181,АГН-62,62,agn_062,5961,red,hook,left,head,landed,false
1182,АГН-62,62,agn_062,5970,red,uppercut,left,head,miss,false
1183,АГН-62,62,agn_062,5993,blue,jab,left,head,blocked,false
1184,АГН-62,62,agn_062,5999,blue,uppercut,right,head,miss,false
1185,АГН-62,62,agn_062,6001,blue,cross,right,body,blocked,false
1186,АГН-62,62,agn_062,6002,blue,cross,left,body,landed,false
1187,АГН-62,62,agn_062,6008,red,uppercut,right,body,miss,false
1188,АГН-62,62,agn_062,6015,red,hook,left,head,miss,false
1189,АГН-62,62,agn_062,6027,red,jab,left,body,miss,false
1190,АГН-62,62,agn_062,6027,red,hook,left,head,blocked,false
1191,АГН-62,62,agn_062,6030,red,cross,right,body,miss,false
1192,АГН-62,62,agn_062,6037,blue,hook,right,head,landed,false
1193,АГН-62,62,agn_062,6043,red,hook,left,head,landed,false
1194,АГН-62,62,agn_062,6056,blue,jab,right,body,miss,false
1195,АГН-62,62,agn_062,6081,red,cross,left,head,blocked,false
1196,АГН-62,62,agn_062,6092,blue,hook,right,body,miss,false
1197,АГН-62,62,agn_062,6100,red,hook,right,body,landed,false
1198,АГН-62,62,agn_062,6126,blue,uppercut,left,head,landed,false
1199,АГН-62,62,agn_062,6130,blue,cross,right,head,landed,false
1200,АГН-62,62,agn_062,6145,red,jab,right,body,miss,false
1201,АГН-62,62,agn_062,6165,blue,uppercut,left,head,landed,false
1202,АГН-62,62,agn_062,6181,red,jab,left,head,landed,false
1203,АГН-62,62,agn_062,6188,red,jab,left,body,blocked,false
1204,АГН-62,62,agn_062,6204,blue,jab,left,head,landed,false
1205,АГН-62,62,agn_062,6225,blue,cross,right,head,miss,false
1206,АГН-62,62,agn_062,6232,blue,uppercut,right,body,blocked,false
1207,АГН-62,62,agn_062,6242,red,cross,right,head,landed,false
1208,АГН-62,62,agn_062,6248,blue,jab,left,head,landed,false
1209,АГН-62,62,agn_062,6256,red,uppercut,left,head,landed,false
1210,АГН-62,62,agn_062,6258,red,uppercut,left,body,blocked,false
1211,АГН-62,62,agn_062,6272,red,hook,right,body,miss,false
1212,АГН-62,62,agn_062,6295,blue,hook,right,body,landed,false
1213,АГН-62,62,agn_062,6300,red,uppercut,right,body,miss,false
1214,АГН-62,62,agn_062,6301,red,jab,right,body,miss,false
1215,АГН-62,62,agn_062,6305,blue,cross,right,body,miss,false
1216,АГН-62,62,agn_062,6320,blue,cross,left,head,blocked,false
1217,АГН-62,62,agn_062,6329,red,cross,left,head,blocked,false
1218,АГН-62,62,agn_062,6333,blue,hook,right,head,blocked,false
1219,АГН-62,62,agn_062,6336,blue,hook,left,body,landed,false
1220,АГН-62,62,agn_062,6343,red,hook,left,body,miss,false
1221,АГН-62,62,agn_062,6347,blue,uppercut,right,head,miss,false
1222,АГН-62,62,agn_062,6353,blue,uppercut,left,body,landed,false
1223,АГН-62,62,agn_062,6353,blue,cross,left,head,landed,false
1224,АГН-62,62,agn_062,6354,blue,jab,right,head,landed,false
1225,АГН-62,62,agn_062,6357,red,hook,left,body,landed,false
1226,АГН-62,62,agn_062,6363,blue,hook,left,head,miss,false
1227,АГН-62,62,agn_062,6382,red,cross,left,body,landed,false
1228,АГН-62,62,agn_062,6389,red,cross,left,head,blocked,false
1229,АГН-62,62,agn_062,6395,red,hook,left,body,blocked,false
1230,АГН-62,62,agn_062,6418,blue,uppercut,left,body,miss,false
1231,АГН-62,62,agn_062,6421,red,jab,right,head,miss,false
1232,АГН-62,62,agn_062,6429,blue,uppercut,right,body,landed,false
1233,АГН-62,62,agn_062,6429,red,cross,left,body,miss,false
1234,АГН-62,62,agn_062,6436,blue,hook,right,body,blocked,false
1235,АГН-62,62,agn_062,6453,red,uppercut,left,head,miss,false
1236,АГН-62,62,agn_062,6461,blue,uppercut,right,head,landed,false
1237,АГН-62,62,agn_062,6467,red,cross,left,body,miss,false
1238,АГН-62,62,agn_062,6475,red,hook,left,head,blocked,false
1239,АГН-62,62,agn_062,6491,blue,uppercut,right,body,landed,false
1240,АГН-62,62,agn_062,6509,red,hook,left,body,blocked,false
1241,АГН-62,62,agn_062,6527,blue,cross,right,body,landed,false
1242,АГН-62,62,agn_062,6536,blue,cross,left,body,landed,false
1243,АГН-62,62,agn_062,6545,blue,cross,left,body,blocked,false
1244,АГН-62,62,agn_062,6549,blue,jab,left,body,landed,false
1245,АГН-62,62,agn_062,6552,blue,cross,left,head,miss,false
1246,АГН-62,62,agn_062,6552,red,cross,right,head,landed,false
1247,АГН-62,62,agn_062,6562,blue,hook,left,body,miss,false
1248,АГН-62,62,agn_062,6573,blue,jab,left,head,miss,false
1249,АГН-62,62,agn_062,6583,blue,hook,left,body,miss,false
1250,АГН-62,62,agn_062,6591,blue,jab,left,head,landed,false
1251,АГН-62,62,agn_062,6592,red,uppercut,right,body,blocked,false
1252,АГН-62,62,agn_062,6598,blue,cross,left,body,blocked,false
1253,АГН-62,62,agn_062,6604,red,jab,left,head,landed,false
1254,АГН-62,62,agn_062,6611,blue,hook,left,body,miss,false
1255,АГН-62,62,agn_062,6625,red,jab,right,head,blocked,false
1256,АГН-62,62,agn_062,6644,blue,jab,right,head,miss,false
1257,АГН-62,62,agn_062,6651,red,hook,right,head,miss,false
1258,АГН-62,62,agn_062,6653,blue,jab,right,head,blocked,false
1259,АГН-62,62,agn_062,6666,blue,jab,left,body,landed,false
1260,АГН-62,62,agn_062,6666,blue,uppercut,left,body,miss,false
1261,АГН-62,62,agn_062,6667,blue,uppercut,right,head,landed,false
1262,АГН-62,62,agn_062,6693,red,uppercut,left,body,landed,false
1263,АГН-62,62,agn_062,6693,red,jab,left,head,blocked,false
1264,АГН-62,62,agn_062,6694,blue,jab,left,head,blocked,false
1265,АГН-62,62,agn_062,6696,red,jab,right,head,landed,false
1266,АГН-62,62,agn_062,6707,red,jab,right,body,blocked,false
1267,АГН-62,62,agn_062,6725,red,cross,left,body,miss,false
1268,АГН-62,62,agn_062,6728,blue,jab,left,head,miss,false
1269,АГН-62,62,agn_062,6732,blue,jab,right,head,landed,false
1270,АГН-62,62,agn_062,6734,blue,cross,right,body,landed,false
1271,АГН-62,62,agn_062,6734,red,uppercut,left,head,landed,false
1272,АГН-62,62,agn_062,6744,red,jab,left,body,blocked,false
1273,АГН-62,62,agn_062,6746,blue,uppercut,left,head,landed,false
1274,АГН-62,62,agn_062,6769,red,cross,right,head,landed,false
1275,АГН-62,62,agn_062,6786,blue,cross,right,head,blocked,false
1276,АГН-62,62,agn_062,6801,red,uppercut,left,head,blocked,false
1277,АГН-62,62,agn_062,6812,red,jab,right,body,landed,false
1278,АГН-62,62,agn_062,6816,blue,cross,right,body,blocked,false
1279,АГН-62,62,agn_062,6833,blue,hook,left,head,blocked,false
1280,АГН-62,62,agn_062,6838,blue,hook,right,body,blocked,false
1281,АГН-62,62,agn_062,6839,blue,uppercut,right,body,blocked,false
1282,АГН-62,62,agn_062,6841,blue,hook,left,head,miss,false
1283,АГН-62,62,agn_062,6843,red,jab,left,body,miss,false
1284,АГН-62,62,agn_062,6851,blue,cross,left,head,landed,false
1285,АГН-62,62,agn_062,6861,blue,uppercut,right,head,miss,false
1286,АГН-62,62,agn_062,6862,blue,jab,right,head,blocked,false
1287,АГН-62,62,agn_062,6870,red,hook,right,body,landed,false
1288,АГН-62,62,agn_062,6877,red,jab,right,body,blocked,false
1289,АГН-62,62,agn_062,6893,red,uppercut,right,head,miss,false
1290,АГН-62,62,agn_062,6897,blue,jab,right,head,blocked,false
1291,АГН-62,62,agn_062,6902,red,jab,left,head,landed,false
1292,АГН-62,62,agn_062,6906,blue,cross,left,head,miss,false
1293,АГН-62,62,agn_062,6908,red,hook,right,head,landed,false
1294,АГН-62,62,agn_062,6916,blue,hook,right,body,miss,false
1295,АГН-62,62,agn_062,6916,red,jab,right,body,miss,false
1296,АГН-62,62,agn_062,6921,blue,uppercut,right,body,miss,false
1297,АГН-62,62,agn_062,6954,red,jab,left,body,landed,false
1298,АГН-62,62,agn_062,6955,blue,jab,left,head,blocked,false
1299,АГН-62,62,agn_062,6974,blue,jab,right,head,blocked,false
1300,АГН-62,62,agn_062,6981,blue,cross,right,head,miss,false
1301,АГН-62,62,agn_062,6986,blue,uppercut,right,head,landed,false
1302,АГН-62,62,agn_062,7005,red,jab,left,head,miss,false
1303,АГН-62,62,agn_062,7014,blue,cross,left,head,blocked,false
1304,АГН-62,62,agn_062,7025,blue,uppercut,left,body,blocked,false
1305,АГН-62,62,agn_062,7028,red,cross,right,head,blocked,false
1306,АГН-62,62,agn_062,7041,red,hook,right,head,blocked,false
1307,АГН-62,62,agn_062,7046,blue,uppercut,left,body,miss,false
1308,АГН-62,62,agn_062,7057,blue,hook,right,head,landed,false
1309,АГН-62,62,agn_062,7063,red,uppercut,right,body,landed,false
1310,АГН-62,62,agn_062,7064,red,jab,right,body,miss,false
1311,АГН-63,63,agn_063,62,red,hook,left,head,blocked,false
1312,АГН-63,63,agn_063,125,red,uppercut,left,head,blocked,false
1313,АГН-63,63,agn_063,226,red,hook,left,body,landed,false
1314,АГН-63,63,agn_063,237,red,hook,left,body,blocked,false
1315,АГН-63,63,agn_063,257,blue,jab,left,body,miss,false
1316,АГН-63,63,agn_063,375,red,hook,left,head,landed,false
1317,АГН-63,63,agn_063,378,red,uppercut,left,body,blocked,false
1318,АГН-63,63,agn_063,411,red,jab,right,head,blocked,false
1319,АГН-63,63,agn_063,488,red,hook,right,body,landed,false
1320,АГН-63,63,agn_063,538,red,hook,right,body,miss,false
1321,АГН-63,63,agn_063,549,red,jab,left,body,landed,false
1322,АГН-63,63,agn_063,564,blue,jab,right,body,landed,false
1323,АГН-63,63,agn_063,570,red,jab,left,head,blocked,false
1324,АГН-63,63,agn_063,628,red,uppercut,right,head,blocked,false
1325,АГН-63,63,agn_063,646,blue,cross,right,head,landed,false
1326,АГН-63,63,agn_063,687,blue,cross,right,head,landed,false
1327,АГН-63,63,agn_063,697,red,jab,right,head,miss,false
1328,АГН-63,63,agn_063,701,blue,jab,left,head,miss,false
1329,АГН-63,63,agn_063,765,red,hook,left,head,landed,false
1330,АГН-63,63,agn_063,772,red,uppercut,right,body,blocked,false
1331,АГН-63,63,agn_063,840,red,hook,right,body,blocked,false
1332,АГН-63,63,agn_063,913,blue,uppercut,left,body,landed,false
1333,АГН-63,63,agn_063,991,red,cross,left,body,landed,false
1334,АГН-63,63,agn_063,1038,blue,jab,left,body,blocked,false
1335,АГН-63,63,agn_063,1064,blue,cross,left,head,landed,false
1336,АГН-63,63,agn_063,1148,blue,cross,right,body,landed,false
1337,АГН-63,63,agn_063,1286,red,cross,left,head,landed,false
1338,АГН-63,63,agn_063,1323,blue,uppercut,left,head,landed,false
1339,АГН-63,63,agn_063,1510,red,hook,right,head,landed,false
1340,АГН-63,63,agn_063,1569,red,uppercut,right,body,landed,false
1341,АГН-63,63,agn_063,1741,blue,uppercut,right,head,blocked,false
1342,АГН-63,63,agn_063,1755,red,uppercut,left,body,blocked,false
1343,АГН-63,63,agn_063,1763,blue,jab,left,body,landed,false
1344,АГН-63,63,agn_063,1779,blue,uppercut,left,body,landed,false
1345,АГН-63,63,agn_063,1794,red,hook,left,head,miss,false
1346,АГН-63,63,agn_063,1815,blue,cross,right,body,blocked,false
1347,АГН-63,63,agn_063,1815,blue,cross,left,head,miss,false
1348,АГН-63,63,agn_063,1871,blue,hook,right,body,blocked,false
1349,АГН-63,63,agn_063,1875,red,hook,left,head,blocked,false
1350,АГН-63,63,agn_063,1888,red,cross,right,head,miss,false
1351,АГН-63,63,agn_063,1905,red,cross,right,head,blocked,false
1352,АГН-63,63,agn_063,1955,blue,uppercut,left,body,blocked,false
1353,АГН-63,63,agn_063,1993,blue,uppercut,left,body,blocked,false
1354,АГН-63,63,agn_063,1995,red,cross,left,head,miss,false
1355,АГН-63,63,agn_063,2020,blue,uppercut,right,body,landed,false
1356,АГН-63,63,agn_063,2096,red,cross,left,head,landed,false
1357,АГН-63,63,agn_063,2231,blue,cross,right,head,miss,false
1358,АГН-63,63,agn_063,2247,red,jab,right,head,miss,false
1359,АГН-63,63,agn_063,2249,blue,jab,right,head,blocked,false
1360,АГН-63,63,agn_063,2277,blue,hook,left,body,blocked,false
1361,АГН-63,63,agn_063,2278,red,uppercut,right,head,blocked,false
1362,АГН-63,63,agn_063,2279,blue,hook,left,body,landed,false
1363,АГН-63,63,agn_063,2282,red,hook,right,body,miss,false
1364,АГН-63,63,agn_063,2320,blue,hook,left,head,blocked,false
1365,АГН-63,63,agn_063,2334,red,uppercut,right,head,miss,false
1366,АГН-63,63,agn_063,2359,blue,uppercut,left,head,miss,false
1367,АГН-63,63,agn_063,2426,red,hook,left,body,landed,false
1368,АГН-63,63,agn_063,2493,blue,jab,left,head,miss,false
1369,АГН-63,63,agn_063,2500,red,cross,left,head,blocked,false
1370,АГН-63,63,agn_063,2525,blue,jab,right,head,miss,false
1371,АГН-63,63,agn_063,2530,blue,jab,right,head,landed,false
1372,АГН-63,63,agn_063,2536,blue,hook,left,head,miss,false
1373,АГН-63,63,agn_063,2542,blue,uppercut,left,head,blocked,false
1374,АГН-63,63,agn_063,2560,blue,hook,right,body,landed,false
1375,АГН-63,63,agn_063,2576,blue,hook,left,body,miss,false
1376,АГН-63,63,agn_063,2619,red,cross,left,head,blocked,false
1377,АГН-63,63,agn_063,2633,blue,cross,left,body,landed,false
1378,АГН-63,63,agn_063,2660,red,uppercut,right,head,blocked,false
1379,АГН-63,63,agn_063,2676,blue,cross,left,head,miss,false
1380,АГН-63,63,agn_063,2687,red,jab,right,body,landed,false
1381,АГН-63,63,agn_063,2755,red,uppercut,right,head,blocked,false
1382,АГН-63,63,agn_063,2773,blue,jab,right,body,blocked,false
1383,АГН-63,63,agn_063,2783,blue,jab,left,head,miss,false
1384,АГН-63,63,agn_063,2799,blue,cross,left,head,landed,false
1385,АГН-63,63,agn_063,2866,red,jab,left,head,landed,false
1386,АГН-63,63,agn_063,2906,blue,hook,right,body,miss,false
1387,АГН-63,63,agn_063,2934,red,hook,left,head,blocked,false
1388,АГН-63,63,agn_063,2967,blue,cross,right,head,miss,false
1389,АГН-63,63,agn_063,2973,blue,cross,left,head,miss,false
1390,АГН-63,63,agn_063,2983,blue,jab,right,body,miss,false
1391,АГН-63,63,agn_063,3100,red,hook,right,head,miss,false
1392,АГН-63,63,agn_063,3104,red,uppercut,right,body,blocked,false
1393,АГН-63,63,agn_063,3105,blue,cross,right,body,blocked,false
1394,АГН-63,63,agn_063,3108,blue,cross,right,head,landed,false
1395,АГН-63,63,agn_063,3114,red,hook,left,body,miss,false
1396,АГН-63,63,agn_063,3133,red,uppercut,left,head,blocked,false
1397,АГН-63,63,agn_063,3155,red,hook,left,body,landed,false
1398,АГН-63,63,agn_063,3183,blue,hook,right,head,blocked,false
1399,АГН-63,63,agn_063,3249,red,jab,left,head,miss,false
1400,АГН-63,63,agn_063,3329,blue,uppercut,left,body,landed,false
1401,АГН-63,63,agn_063,3345,blue,hook,left,head,blocked,false
1402,АГН-63,63,agn_063,3392,blue,cross,left,body,blocked,false
1403,АГН-63,63,agn_063,3406,red,cross,right,body,miss,false
1404,АГН-63,63,agn_063,3482,red,cross,left,body,landed,false
1405,АГН-63,63,agn_063,3485,blue,hook,right,body,blocked,false
1406,АГН-63,63,agn_063,3521,blue,uppercut,right,body,miss,false
1407,АГН-63,63,agn_063,3528,red,cross,right,head,landed,false
1408,АГН-63,63,agn_063,3555,red,jab,right,head,miss,false
1409,АГН-63,63,agn_063,3573,red,uppercut,left,body,miss,false
1410,АГН-63,63,agn_063,3599,red,hook,right,body,blocked,false
1411,АГН-63,63,agn_063,3630,red,jab,left,head,landed,false
1412,АГН-63,63,agn_063,3686,blue,cross,right,body,miss,false
1413,АГН-63,63,agn_063,3690,blue,hook,right,body,miss,false
1414,АГН-63,63,agn_063,3690,blue,hook,left,head,blocked,false
1415,АГН-63,63,agn_063,3716,blue,jab,left,head,blocked,false
1416,АГН-63,63,agn_063,3716,blue,cross,right,body,miss,false
1417,АГН-63,63,agn_063,3725,blue,hook,right,body,landed,false
1418,АГН-63,63,agn_063,3752,red,jab,right,body,blocked,false
1419,АГН-63,63,agn_063,3800,blue,hook,right,head,blocked,false
1420,АГН-63,63,agn_063,3841,blue,hook,right,head,blocked,false
1421,АГН-63,63,agn_063,3862,red,hook,left,head,miss,false
1422,АГН-63,63,agn_063,3978,red,uppercut,right,body,miss,false
1423,АГН-63,63,agn_063,4016,blue,jab,left,body,miss,false
1424,АГН-63,63,agn_063,4028,red,jab,left,head,miss,false
1425,АГН-63,63,agn_063,4100,red,jab,right,head,landed,false
1426,АГН-63,63,agn_063,4114,blue,jab,right,head,miss,false
1427,АГН-63,63,agn_063,4119,red,jab,left,head,landed,false
1428,АГН-63,63,agn_063,4140,blue,hook,left,head,miss,false
1429,АГН-63,63,agn_063,4144,blue,cross,right,head,landed,false
1430,АГН-63,63,agn_063,4165,blue,jab,right,body,landed,false
1431,АГН-63,63,agn_063,4168,blue,uppercut,right,body,landed,false
1432,АГН-63,63,agn_063,4174,blue,jab,left,head,landed,false
1433,АГН-63,63,agn_063,4187,blue,cross,left,body,miss,false
1434,АГН-63,63,agn_063,4204,red,uppercut,left,head,miss,false
1435,АГН-63,63,agn_063,4232,red,jab,left,body,blocked,false
1436,АГН-63,63,agn_063,4334,blue,jab,left,body,miss,false
1437,АГН-63,63,agn_063,4348,blue,cross,right,body,blocked,false
1438,АГН-63,63,agn_063,4432,red,jab,left,body,landed,false
1439,АГН-63,63,agn_063,4460,blue,jab,right,body,landed,false
1440,АГН-63,63,agn_063,4469,red,hook,left,body,landed,false
1441,АГН-63,63,agn_063,4503,red,hook,right,head,miss,false
1442,АГН-63,63,agn_063,4515,red,uppercut,left,head,landed,false
1443,АГН-63,63,agn_063,4521,blue,uppercut,right,head,miss,false
1444,АГН-63,63,agn_063,4541,red,cross,right,body,miss,false
1445,АГН-63,63,agn_063,4570,blue,hook,right,head,blocked,false
1446,АГН-63,63,agn_063,4620,red,uppercut,right,body,landed,false
1447,АГН-63,63,agn_063,4636,red,uppercut,right,head,miss,false
1448,АГН-63,63,agn_063,4684,blue,cross,right,head,blocked,false
1449,АГН-63,63,agn_063,4697,blue,uppercut,right,head,blocked,false
1450,АГН-63,63,agn_063,4708,blue,hook,left,body,blocked,false
1451,АГН-63,63,agn_063,4734,red,cross,right,head,landed,false
1452,АГН-63,63,agn_063,4744,red,hook,left,head,miss,false
1453,АГН-63,63,agn_063,4773,red,hook,right,body,landed,false
1454,АГН-63,63,agn_063,4820,red,jab,left,head,landed,false
1455,АГН-63,63,agn_063,4887,blue,hook,right,body,miss,false
1456,АГН-63,63,agn_063,4899,red,uppercut,right,body,landed,false
1457,АГН-63,63,agn_063,4988,blue,jab,left,body,miss,false
1458,АГН-63,63,agn_063,4994,red,cross,left,body,miss,false
1459,АГН-63,63,agn_063,5042,blue,uppercut,left,body,blocked,false
1460,АГН-63,63,agn_063,5045,blue,uppercut,right,body,blocked,false
1461,АГН-63,63,agn_063,5073,red,uppercut,right,body,landed,false
1462,АГН-63,63,agn_063,5100,blue,uppercut,left,head,blocked,false
1463,АГН-63,63,agn_063,5225,blue,uppercut,right,head,blocked,false
1464,АГН-63,63,agn_063,5234,blue,hook,right,body,landed,false
1465,АГН-63,63,agn_063,5387,blue,uppercut,left,head,miss,false
1466,АГН-63,63,agn_063,5434,red,cross,right,head,landed,false
1467,АГН-63,63,agn_063,5450,blue,jab,right,body,blocked,false
1468,АГН-63,63,agn_063,5463,red,hook,right,head,landed,false
1469,АГН-63,63,agn_063,5490,blue,jab,left,head,landed,false
1470,АГН-63,63,agn_063,5521,red,hook,right,body,blocked,false
1471,АГН-63,63,agn_063,5531,red,uppercut,left,head,miss,false
1472,АГН-63,63,agn_063,5550,red,jab,right,body,miss,false
1473,АГН-63,63,agn_063,5641,blue,uppercut,right,body,blocked,false
1474,АГН-63,63,agn_063,5657,blue,uppercut,right,head,landed,false
1475,АГН-63,63,agn_063,5682,blue,hook,right,head,blocked,false
1476,АГН-63,63,agn_063,5706,blue,cross,left,body,landed,false
1477,АГН-63,63,agn_063,5743,blue,uppercut,left,head,landed,false
1478,АГН-63,63,agn_063,5758,blue,jab,left,body,miss,false
1479,АГН-63,63,agn_063,5777,blue,uppercut,left,body,landed,false
1480,АГН-63,63,agn_063,5786,red,jab,right,body,blocked,false
1481,АГН-63,63,agn_063,5814,red,hook,left,body,landed,false
1482,АГН-63,63,agn_063,5840,blue,uppercut,right,body,miss,false
1483,АГН-63,63,agn_063,5851,red,cross,left,head,miss,false
1484,АГН-63,63,agn_063,5884,blue,uppercut,right,head,landed,false
1485,АГН-63,63,agn_063,5896,blue,hook,right,body,blocked,false
1486,АГН-63,63,agn_063,5972,red,jab,left,body,miss,false
1487,АГН-63,63,agn_063,6151,red,uppercut,left,head,miss,false
1488,АГН-63,63,agn_063,6159,red,jab,right,head,landed,false
1489,АГН-63,63,agn_063,6187,blue,uppercut,right,head,miss,false
1490,АГН-63,63,agn_063,6246,red,jab,right,body,landed,false
1491,АГН-63,63,agn_063,6329,blue,hook,right,head,blocked,false
1492,АГН-63,63,agn_063,6344,blue,jab,right,head,blocked,false
1493,АГН-63,63,agn_063,6358,blue,hook,left,head,landed,false
1494,АГН-63,63,agn_063,6363,red,jab,left,head,miss,false
1495,АГН-63,63,agn_063,6371,red,hook,left,head,blocked,false
1496,АГН-63,63,agn_063,6409,blue,cross,right,head,miss,false
1497,АГН-63,63,agn_063,6488,blue,jab,right,body,miss,false
1498,АГН-63,63,agn_063,6552,red,uppercut,left,head,miss,false
1499,АГН-63,63,agn_063,6558,red,cross,left,head,miss,false
1500,АГН-63,63,agn_063,6588,red,uppercut,left,head,landed,false
1501,АГН-63,63,agn_063,6594,blue,uppercut,right,head,landed,false
1502,АГН-63,63,agn_063,6630,red,cross,right,body,blocked,false
1503,АГН-63,63,agn_063,6650,red,jab,right,head,blocked,false
1504,АГН-63,63,agn_063,6660,red,hook,left,head,blocked,false
1505,АГН-63,63,agn_063,6794,blue,jab,left,body,landed,false
1506,АГН-63,63,agn_063,6805,red,hook,right,head,blocked,false
1507,АГН-63,63,agn_063,6829,blue,uppercut,right,head,miss,false
1508,АГН-63,63,agn_063,6860,blue,cross,right,body,blocked,false
1509,АГН-63,63,agn_063,6874,red,cross,left,head,blocked,false
1510,АГН-63,63,agn_063,6885,blue,cross,left,body,miss,false
1511,АГН-63,63,agn_063,6892,red,uppercut,left,head,blocked,false
1512,АГН-63,63,agn_063,6925,blue,jab,right,head,blocked,false
1513,АГН-63,63,agn_063,6928,blue,jab,right,head,blocked,false
1514,АГН-63,63,agn_063,6942,blue,hook,left,body,miss,false
1515,АГН-63,63,agn_063,6947,blue,jab,left,head,landed,false
1516,АГН-63,63,agn_063,6965,red,jab,right,body,miss,false
1517,АГН-63,63,agn_063,6990,blue,jab,left,body,miss,false
1518,АГН-63,63,agn_063,6991,blue,cross,right,head,blocked,false
1519,АГН-63,63,agn_063,7018,blue,uppercut,left,body,blocked,false
1520,АГН-64,64,agn_064,140,blue,uppercut,left,head,landed,false
1521,АГН-64,64,agn_064,172,blue,cross,left,body,miss,false
1522,АГН-64,64,agn_064,173,red,jab,right,head,miss,false
1523,АГН-64,64,agn_064,258,red,cross,right,body,landed,false
1524,АГН-64,64,agn_064,334,red,jab,right,head,blocked,false
1525,АГН-64,64,agn_064,336,red,cross,right,head,landed,false
1526,АГН-64,64,agn_064,471,blue,jab,right,body,blocked,false
1527,АГН-64,64,agn_064,491,red,cross,left,head,blocked,false
1528,АГН-64,64,agn_064,568,red,jab,right,head,blocked,false
1529,АГН-64,64,agn_064,624,blue,jab,right,head,landed,false
1530,АГН-64,64,agn_064,821,red,jab,left,body,blocked,false
1531,АГН-64,64,agn_064,830,blue,uppercut,left,head,miss,false
1532,АГН-64,64,agn_064,877,red,hook,left,body,blocked,false
1533,АГН-64,64,agn_064,901,red,jab,left,head,landed,false
1534,АГН-64,64,agn_064,1076,red,jab,left,head,landed,false
1535,АГН-64,64,agn_064,1157,red,cross,left,head,miss,false
1536,АГН-64,64,agn_064,1161,red,cross,left,head,blocked,false
1537,АГН-64,64,agn_064,1168,red,jab,left,body,miss,false
1538,АГН-64,64,agn_064,1207,blue,hook,left,body,miss,false
1539,АГН-64,64,agn_064,1226,red,uppercut,left,body,blocked,false
1540,АГН-64,64,agn_064,1310,red,jab,right,body,blocked,false
1541,АГН-64,64,agn_064,1458,blue,hook,left,body,landed,false
1542,АГН-64,64,agn_064,1492,blue,jab,right,body,landed,false
1543,АГН-64,64,agn_064,1515,red,cross,right,head,miss,false
1544,АГН-64,64,agn_064,1657,red,uppercut,right,head,blocked,false
1545,АГН-64,64,agn_064,1720,blue,jab,left,head,miss,false
1546,АГН-64,64,agn_064,1852,blue,uppercut,right,body,blocked,false
1547,АГН-64,64,agn_064,1986,red,cross,left,head,landed,false
1548,АГН-64,64,agn_064,2029,red,cross,left,body,landed,false
1549,АГН-64,64,agn_064,2174,red,jab,left,head,blocked,false
1550,АГН-64,64,agn_064,2201,red,uppercut,left,body,landed,false
1551,АГН-64,64,agn_064,2295,red,uppercut,left,body,blocked,false
1552,АГН-64,64,agn_064,2298,blue,uppercut,left,body,landed,false
1553,АГН-64,64,agn_064,2333,red,cross,right,body,miss,false
1554,АГН-64,64,agn_064,2390,red,cross,right,head,blocked,false
1555,АГН-64,64,agn_064,2427,blue,jab,left,head,landed,false
1556,АГН-64,64,agn_064,2469,blue,cross,left,head,landed,false
1557,АГН-64,64,agn_064,2713,blue,hook,right,head,miss,false
1558,АГН-64,64,agn_064,2738,blue,jab,left,head,miss,false
1559,АГН-64,64,agn_064,2897,blue,jab,right,head,landed,false
1560,АГН-64,64,agn_064,2956,red,hook,right,head,miss,false
1561,АГН-64,64,agn_064,3019,red,uppercut,left,body,landed,false
1562,АГН-64,64,agn_064,3092,red,uppercut,right,head,miss,false
1563,АГН-64,64,agn_064,3199,blue,uppercut,left,head,miss,false
1564,АГН-64,64,agn_064,3287,red,hook,left,head,blocked,false
1565,АГН-64,64,agn_064,3345,blue,hook,left,head,blocked,false
1566,АГН-64,64,agn_064,3364,red,uppercut,left,head,miss,false
1567,АГН-64,64,agn_064,3425,blue,hook,right,body,miss,false
1568,АГН-64,64,agn_064,3558,blue,hook,right,body,landed,false
1569,АГН-64,64,agn_064,3572,red,uppercut,right,head,landed,false
1570,АГН-64,64,agn_064,3923,red,cross,left,body,miss,false
1571,АГН-64,64,agn_064,4006,blue,cross,right,body,miss,false
1572,АГН-64,64,agn_064,4028,red,jab,left,head,blocked,false
1573,АГН-64,64,agn_064,4096,red,cross,left,body,blocked,false
1574,АГН-64,64,agn_064,4176,blue,jab,right,head,blocked,false
1575,АГН-64,64,agn_064,4316,red,jab,left,body,landed,false
1576,АГН-64,64,agn_064,4500,blue,uppercut,left,body,landed,false
1577,АГН-64,64,agn_064,4607,blue,uppercut,right,head,landed,false
1578,АГН-64,64,agn_064,5050,red,jab,left,body,blocked,false
1579,АГН-64,64,agn_064,5118,blue,hook,left,body,blocked,false
1580,АГН-64,64,agn_064,5182,blue,hook,left,body,miss,false
1581,АГН-64,64,agn_064,5262,red,cross,left,head,miss,false
1582,АГН-64,64,agn_064,5429,red,uppercut,left,head,landed,false
1583,АГН-64,64,agn_064,5569,blue,hook,right,head,blocked,false
1584,АГН-64,64,agn_064,5680,blue,hook,left,head,blocked,false
1585,АГН-64,64,agn_064,5707,red,hook,left,head,miss,false
1586,АГН-64,64,agn_064,5735,red,cross,right,body,blocked,false
1587,АГН-64,64,agn_064,5742,red,uppercut,left,body,miss,false
1588,АГН-64,64,agn_064,5743,red,cross,left,head,landed,false
1589,АГН-64,64,agn_064,5919,blue,hook,left,body,landed,false
1590,АГН-64,64,agn_064,5919,blue,uppercut,left,body,landed,false
1591,АГН-64,64,agn_064,5953,blue,cross,left,body,landed,false
1592,АГН-64,64,agn_064,5984,blue,cross,right,head,miss,false
1593,АГН-64,64,agn_064,6067,blue,uppercut,left,head,blocked,false
1594,АГН-64,64,agn_064,6287,blue,hook,right,body,blocked,false
